bank,category,title,url,image
中國信託,餐飲優惠,46,https://mkt.ctbcbank.com/long/creditcard/eztable/index.html,https://www.ctbcbank.com/content/dam/twrbo/images/creditcard/offer/Redeem000096.jpg
中國信託,餐飲優惠,【中信卡】島語保留位,https://mkt.ctbcbank.com/long/creditcard/eztable/index.html,https://www.ctbcbank.com/content/dam/twrbo/images/creditcard/offer/EZTABLE1.jpg
中國信託,餐飲優惠,【中信卡】王品集團全品牌餐廳,https://www.ctbcbank.com/content/dam/minisite/long/creditcard/wowapp/index.html,https://www.ctbcbank.com/content/dam/twrbo/images/creditcard/offer/WOA01.jpg
中國信託,餐飲優惠,【中信卡】台北六福萬怡酒店,https://www.ctbcbank.com/content/dam/minisite/long/creditcard/foodsedm/content1-1.html,https://www.ctbcbank.com/content/dam/twrbo/images/creditcard/offer/F202301.jpg
中國信託,餐飲優惠,【中信卡】饗饗/旭集/URBAN PARADISE保留位,https://mkt.ctbcbank.com/long/creditcard/eztable/index.html,https://www.ctbcbank.com/content/dam/twrbo/images/creditcard/offer/EZTABLE2.jpg
中國信託,餐飲優惠,【中信卡】石二鍋,https://www.ctbcbank.com/content/dam/minisite/long/creditcard/wowapp/index.html,https://www.ctbcbank.com/content/dam/twrbo/images/creditcard/offer/WOW01.jpg
中國信託,餐飲優惠,【中信卡】台北艾麗酒店,https://www.ctbcbank.com/content/dam/minisite/long/creditcard/foodsedm/content1-1.html,https://www.ctbcbank.com/content/dam/twrbo/images/creditcard/offer/F202302.jpg
中國信託,餐飲優惠,【中信卡】EZTABLE滿額享10%,https://mkt.ctbcbank.com/long/creditcard/eztable/index.html,https://www.ctbcbank.com/content/dam/twrbo/images/creditcard/offer/EZTABLE3.jpg
中國信託,餐飲優惠,【中信卡】12mini,https://www.ctbcbank.com/content/dam/minisite/long/creditcard/wowapp/index.html,https://www.ctbcbank.com/content/dam/twrbo/images/creditcard/offer/WOW02.jpg
中國信託,餐飲優惠,【中信卡】台北遠東香格里拉,https://www.ctbcbank.com/content/dam/minisite/long/creditcard/foodsedm/content1-1.html,https://www.ctbcbank.com/content/dam/twrbo/images/creditcard/offer/F202303.jpg
中國信託,餐飲優惠,【中信卡】青花驕麻辣鍋,https://www.ctbcbank.com/content/dam/minisite/long/creditcard/wowapp/index.html,https://www.ctbcbank.com/content/dam/twrbo/images/creditcard/offer/WOW03.jpg
中國信託,餐飲優惠,【中信卡】臺中勤美洲際酒店,https://www.ctbcbank.com/content/dam/minisite/long/creditcard/foodsedm/content1-1.html,https://www.ctbcbank.com/content/dam/twrbo/images/creditcard/offer/F202331.jpg
中國信託,餐飲優惠,【中信卡】和牛涮 日式鍋物放題,https://www.ctbcbank.com/content/dam/minisite/long/creditcard/wowapp/index.html,https://www.ctbcbank.com/content/dam/twrbo/images/creditcard/offer/WOW14.jpg
中國信託,餐飲優惠,【中信卡】台中李方艾美酒店,https://www.ctbcbank.com/content/dam/minisite/long/creditcard/foodsedm/content1-1.html,https://www.ctbcbank.com/content/dam/twrbo/images/creditcard/offer/F202305.jpg
中國信託,餐飲優惠,【中信卡】陶板屋 和風創作料理,https://www.ctbcbank.com/content/dam/minisite/long/creditcard/wowapp/index.html,https://www.ctbcbank.com/content/dam/twrbo/images/creditcard/offer/WOW05.jpg
中國信託,餐飲優惠,【中信卡】台糖長榮酒店,https://www.ctbcbank.com/content/dam/minisite/long/creditcard/foodsedm/content1-1.html,https://www.ctbcbank.com/content/dam/twrbo/images/creditcard/offer/F202329.jpg
中國信託,餐飲優惠,【中信卡】夏慕尼 新香榭鉄板燒,https://www.ctbcbank.com/content/dam/minisite/long/creditcard/wowapp/index.html,https://www.ctbcbank.com/content/dam/twrbo/images/creditcard/offer/WOW06.jpg
中國信託,餐飲優惠,【中信卡】台北凱撒大飯店,https://www.ctbcbank.com/content/dam/minisite/long/creditcard/foodsedm/content1-1.html,https://www.ctbcbank.com/content/dam/twrbo/images/creditcard/offer/F202327.jpg
中國信託,餐飲優惠,【中信卡】TASTy 西堤牛排,https://www.ctbcbank.com/content/dam/minisite/long/creditcard/wowapp/index.html,https://www.ctbcbank.com/content/dam/twrbo/images/creditcard/offer/WOW07.jpg
中國信託,餐飲優惠,【中信卡】福勝亭,https://www.ctbcbank.com/content/dam/minisite/long/creditcard/foodsedm/content2-1.html,https://www.ctbcbank.com/content/dam/twrbo/images/creditcard/offer/F202309.jpg
中國信託,餐飲優惠,【中信卡】品田牧場,https://www.ctbcbank.com/content/dam/minisite/long/creditcard/wowapp/index.html,https://www.ctbcbank.com/content/dam/twrbo/images/creditcard/offer/WOW08.jpg
中國信託,餐飲優惠,【中信卡】勝博殿,https://www.ctbcbank.com/content/dam/minisite/long/creditcard/foodsedm/content2-1.html,https://www.ctbcbank.com/content/dam/twrbo/images/creditcard/offer/F202310.jpg
中國信託,餐飲優惠,【中信卡】茹曦酒店,https://www.ctbcbank.com/content/dam/minisite/long/creditcard/foodsedm/content1-1.html,https://www.ctbcbank.com/content/dam/twrbo/images/creditcard/offer/F202332.jpg
中國信託,餐飲優惠,【中信卡】聚日式鍋物,https://www.ctbcbank.com/content/dam/minisite/long/creditcard/wowapp/index.html,https://www.ctbcbank.com/content/dam/twrbo/images/creditcard/offer/WOW09.jpg
中國信託,餐飲優惠,【中信卡】享鴨 烤鴨與中華料理,https://www.ctbcbank.com/content/dam/minisite/long/creditcard/wowapp/index.html,https://www.ctbcbank.com/content/dam/twrbo/images/creditcard/offer/WOW10.jpg
中國信託,旅遊玩家,23,https://www.freeliving.com.tw/EVENT/ctbcrewards/,https://www.ctbcbank.com/content/dam/twrbo/images/creditcard/offer/Redeem000018.jpg
中國信託,旅遊玩家,【中信卡】肯驛休閒旅遊,https://www.freeliving.com.tw/EVENT/ctbcrewards/,https://www.ctbcbank.com/content/dam/twrbo/images/creditcard/offer/Redeem000018.jpg
中國信託,旅遊玩家,【中信卡】停車大聲公,https://mkt.ctbcbank.com/long/creditcard/parking/index.html,https://www.ctbcbank.com/content/dam/twrbo/images/creditcard/offer/PA000001.jpg
中國信託,旅遊玩家,【中信卡】滿額送Trip.com鑽石級會籍,https://mkt.ctbcbank.com/recent/202703/N2026032000035_01-31/index.html,https://www.ctbcbank.com/content/dam/twrbo/images/creditcard/offer/H260710.jpg
中國信託,旅遊玩家,【中信卡】近鐵百貨 KINTETSU,https://www.ctbcbank.com/content/dam/minisite/long/creditcard/TravelPlayer/japan.html#s2-harukas,https://www.ctbcbank.com/content/dam/twrbo/images/creditcard/offer/H260130.jpg
中國信託,旅遊玩家,【中信卡】指定旅行社滿額回饋,https://www.ctbcbank.com/content/dam/minisite/long/creditcard/TravelSP/index.html,https://www.ctbcbank.com/content/dam/twrbo/images/creditcard/offer/H260711.jpg
中國信託,旅遊玩家,【中信卡】BicCamera,https://www.ctbcbank.com/content/dam/minisite/long/creditcard/TravelPlayer/japan.html#s5-camera,https://www.ctbcbank.com/content/dam/twrbo/images/creditcard/offer/H260134.jpg
中國信託,旅遊玩家,【中信卡】雄獅旅遊 墨爾本,https://lion.tours/GCLaKOWb,https://www.ctbcbank.com/content/dam/twrbo/images/creditcard/offer/H260526.jpg
中國信託,旅遊玩家,【中信卡】澎湖福朋喜來登酒店,https://www.ctbcbank.com/content/dam/minisite/long/creditcard/TravelPlayer/holiday/hol-e.html#h-e-5,https://www.ctbcbank.com/content/dam/twrbo/images/creditcard/offer/H260530.jpg
中國信託,旅遊玩家,【中信卡】日本優惠,https://www.ctbcbank.com/content/dam/minisite/long/creditcard/TravelPlayer/japan.html,https://www.ctbcbank.com/content/dam/twrbo/images/creditcard/offer/JP0001.jpg
中國信託,旅遊玩家,【中信JCB卡】日本優惠情報,https://www.specialoffers.jcb/zh-tw/ctbcbank/,https://www.ctbcbank.com/content/dam/twrbo/images/creditcard/offer/H260531.jpg
中國信託,旅遊玩家,【中信JCB卡】食衣住行優惠,https://www.specialoffers.jcb/zh-tw/ctbcbank/,https://www.ctbcbank.com/content/dam/twrbo/images/creditcard/offer/H260532.jpg
中國信託,旅遊玩家,【中信卡】中國東方航空,https://www.ceair.com/global/hk_TWD/landing/202606/t20260625_30075.html,https://www.ctbcbank.com/content/dam/twrbo/images/creditcard/offer/H250801.jpg
中國信託,旅遊玩家,【中信卡】日本大丸松坂屋百貨,https://ctbc.tw/daimar,https://www.ctbcbank.com/content/dam/twrbo/images/creditcard/offer/DAI0001.jpg
中國信託,旅遊玩家,【中信卡】日本九州永旺,https://mkt.ctbcbank.com/recent/202610/N2026050500018_01-31/index.html,https://www.ctbcbank.com/content/dam/twrbo/images/creditcard/offer/H26042901.jpg
中國信託,旅遊玩家,【中信卡】易遊網 高鐵國旅聯票,https://activity.eztravel.com.tw/activity/thsr/,https://www.ctbcbank.com/content/dam/twrbo/images/creditcard/offer/H26042902.jpg
中國信託,旅遊玩家,【中信卡】Trip.com,https://www.ctbcbank.com/content/dam/minisite/long/creditcard/TravelPlayer/room.html#trip,https://www.ctbcbank.com/content/dam/twrbo/images/creditcard/offer/H260104.jpg
中國信託,旅遊玩家,【中信卡】kkday,https://www.ctbcbank.com/content/dam/minisite/long/creditcard/TravelPlayer/air.html#kkday,https://www.ctbcbank.com/content/dam/twrbo/images/creditcard/offer/H260110.jpg
中國信託,旅遊玩家,【中信卡】雄獅旅遊,https://www.ctbcbank.com/content/dam/minisite/long/creditcard/TravelPlayer/stroke.html#lion,https://www.ctbcbank.com/content/dam/twrbo/images/creditcard/offer/H260115.jpg
中國信託,旅遊玩家,【中信卡】可樂旅遊,https://www.ctbcbank.com/content/dam/minisite/long/creditcard/TravelPlayer/stroke.html#cola,https://www.ctbcbank.com/content/dam/twrbo/images/creditcard/offer/H260116.jpg
中國信託,旅遊玩家,【中信卡】大嘴鳥假期,https://www.ctbcbank.com/content/dam/minisite/long/creditcard/TravelPlayer/stroke.html#yoyofly,https://www.ctbcbank.com/content/dam/twrbo/images/creditcard/offer/H260118.jpg
中國信託,旅遊玩家,【中信卡】太平洋旅行社,https://www.ctbcbank.com/content/dam/minisite/long/creditcard/TravelPlayer/stroke.html#pactour,https://www.ctbcbank.com/content/dam/twrbo/images/creditcard/offer/H260119.jpg
中國信託,旅遊玩家,【中信卡】JetFi Mobile,https://www.ctbcbank.com/content/dam/minisite/long/creditcard/TravelPlayer/air.html#jetfi,https://www.ctbcbank.com/content/dam/twrbo/images/creditcard/offer/H260304.jpg
中國信託,旅遊玩家,【中信卡】可樂旅遊訂購迪士尼探險號,https://mkt.ctbcbank.com/long/creditcard/N2026022400009_01-31/index.html,https://www.ctbcbank.com/content/dam/twrbo/images/creditcard/offer/H260302.jpg
中國信託,百貨藥妝,【中信卡】遠東百貨,https://www.feds.com.tw/,https://www.ctbcbank.com/content/dam/twrbo/images/creditcard/offer/Redeem000076.jpg
中國信託,百貨藥妝,【中信卡】漢神巨蛋購物廣場,http://www.hanshinarena.com.tw,https://www.ctbcbank.com/content/dam/twrbo/images/creditcard/offer/Redeem000077.jpg
中國信託,百貨藥妝,【中信卡】勤美 誠品綠園道,https://parklane.com.tw/,https://www.ctbcbank.com/content/dam/twrbo/images/creditcard/offer/Redeem000023.jpg
中國信託,百貨藥妝,【中信卡】金典 綠園道商場,https://parklanes.com.tw/,https://www.ctbcbank.com/content/dam/twrbo/images/creditcard/offer/Redeem000024.jpg
中國信託,百貨藥妝,【中信卡】台北101購物中心,https://www.taipei-101.com.tw/,https://www.ctbcbank.com/content/dam/twrbo/images/creditcard/offer/Redeem000029.jpg
中國信託,百貨藥妝,【中信卡】環球購物中心,https://www.twglobalmall.com/,https://www.ctbcbank.com/content/dam/twrbo/images/creditcard/offer/Redeem000035.jpg
中國信託,百貨藥妝,【中信卡】大葉髙島屋,http://www.dayeh-takashimaya.com.tw,https://www.ctbcbank.com/content/dam/twrbo/images/creditcard/offer/Redeem000036.jpg
中國信託,百貨藥妝,【中信卡】統一時代百貨,http://www.uni-ustyle.com.tw/,https://www.ctbcbank.com/content/dam/twrbo/images/creditcard/offer/Redeem000078.jpg
中國信託,百貨藥妝,【中信卡】京站時尚廣場,https://www.qsquare.com.tw/,https://www.ctbcbank.com/content/dam/twrbo/images/creditcard/offer/Redeem000079.jpg
中國信託,百貨藥妝,【中信卡】廣三SOGO,http://www.kssogo.com.tw/,https://www.ctbcbank.com/content/dam/twrbo/images/creditcard/offer/Redeem000080.jpg
中國信託,百貨藥妝,【中信卡】耐斯廣場購物中心,http://www.niceplaza.com.tw/,https://www.ctbcbank.com/content/dam/twrbo/images/creditcard/offer/Redeem000081.jpg
中國信託,百貨藥妝,【中信卡】太平洋百貨豐原店,https://fy.pacific-mall.com.tw,https://www.ctbcbank.com/content/dam/twrbo/images/creditcard/offer/Redeem000084.jpg
中國信託,百貨藥妝,【中信卡】南紡購物中心,http://www.tsrd.com.tw/,https://www.ctbcbank.com/content/dam/twrbo/images/creditcard/offer/Redeem000033.jpg
中國信託,百貨藥妝,【中信卡】太平洋百貨屏東店,http://pd.pacific-mall.com.tw,https://www.ctbcbank.com/content/dam/twrbo/images/creditcard/offer/Redeem000103.jpg
中國信託,百貨藥妝,【中信卡】漢神百貨,https://www.hanshin.com.tw/,https://www.ctbcbank.com/content/dam/twrbo/images/creditcard/offer/Redeem000004.jpg
中國信託,百貨藥妝,【中信卡】遠東SOGO,https://www.sogo.com.tw,https://www.ctbcbank.com/content/dam/twrbo/images/creditcard/offer/Redeem000075.jpg
中國信託,百貨藥妝,【中信卡】美麗華百樂園,http://www.miramar.com.tw/,https://www.ctbcbank.com/content/dam/twrbo/images/creditcard/offer/Redeem000032.jpg
中國信託,百貨藥妝,【中信卡】耆妙屋,https://mkt.ctbcbank.com/recent/202612/N2025121200004_02-31/index.html,https://www.ctbcbank.com/content/dam/twrbo/images/creditcard/offer/senior2026.jpg
中國信託,百貨藥妝,新竹遠東巨城暑假369%活動,https://mkt.ctbcbank.com/long/creditcard/NB20231222189/index.html?item=20,https://www.ctbcbank.com/content/dam/twrbo/images/creditcard/offer/BIG01.jpg
中國信託,百貨藥妝,【中信卡】席伊麗Sealy,https://mkt.ctbcbank.com/recent/202712/N2026031000014_01-31/index.html,https://www.ctbcbank.com/content/dam/twrbo/images/creditcard/offer/sealy2026.jpg
中國信託,百貨藥妝,【中信卡】丹普TEMPUR,https://mkt.ctbcbank.com/recent/202712/N2026031000014_01-31/index.html,https://www.ctbcbank.com/content/dam/twrbo/images/creditcard/offer/tempur2026.jpg
中國信託,百貨藥妝,【中信卡】藥妝採購日,https://www.ctbcbank.com/content/dam/minisite/long/creditcard/beauty/index.html,https://www.ctbcbank.com/content/dam/twrbo/images/creditcard/offer/COS26.jpg
中國信託,百貨藥妝,【中信卡】香草集,https://mkt.ctbcbank.com/recent/202612/N2025121800014_02-31/index.html,https://www.ctbcbank.com/content/dam/twrbo/images/creditcard/offer/JUST202601.jpg
中國信託,超商量販,4,http://www.santacruz.com.tw/,https://www.ctbcbank.com/content/dam/twrbo/images/creditcard/offer/Redeem000038.jpg
中國信託,超商量販,【中信卡】聖德科斯生機食品,http://www.santacruz.com.tw/,https://www.ctbcbank.com/content/dam/twrbo/images/creditcard/offer/Redeem000038.jpg
中國信託,超商量販,【中信卡】全聯PX Pay,https://mkt.ctbcbank.com/long/creditcard/pxmart/index.html,https://www.ctbcbank.com/content/dam/twrbo/images/creditcard/offer/PX_400.jpg
中國信託,超商量販,【中信卡】大全聯與愛買量販店,https://mkt.ctbcbank.com/recent/202609/N2026070900009_01-03/index.html,https://www.ctbcbank.com/content/dam/twrbo/images/creditcard/offer/SALEpxa2026gost.jpg
中國信託,超商量販,【中信卡】統一超商OP錢包,https://mkt.ctbcbank.com/long/creditcard/open/index.html,https://www.ctbcbank.com/content/dam/twrbo/images/creditcard/offer/OP_400.jpg
中國信託,線上購物,6,http://www.ctmall.com.tw,https://www.ctbcbank.com/content/dam/twrbo/images/creditcard/offer/Redeem000040.jpg
中國信託,線上購物,【中信卡】CTMall紅利市集,http://www.ctmall.com.tw,https://www.ctbcbank.com/content/dam/twrbo/images/creditcard/offer/Redeem000040.jpg
中國信託,線上購物,【中信卡】電商最新活動,https://www.ctbcbank.com/content/dam/minisite/long/creditcard/online-shopping/index.html,https://www.ctbcbank.com/content/dam/twrbo/images/creditcard/offer/ECSHOPPING.jpg
中國信託,線上購物,【中信卡】PChome,https://www.ctbcbank.com/content/dam/minisite/long/creditcard/online-shopping/index.html,https://www.ctbcbank.com/content/dam/twrbo/images/creditcard/offer/PChome.jpg
中國信託,線上購物,【中信卡】博客來,https://www.ctbcbank.com/content/dam/minisite/long/creditcard/online-shopping/index.html,https://www.ctbcbank.com/content/dam/twrbo/images/creditcard/offer/BOOK1.jpg
中國信託,線上購物,【中信卡】蝦皮,https://www.ctbcbank.com/content/dam/minisite/long/creditcard/online-shopping/index.html,https://www.ctbcbank.com/content/dam/twrbo/images/creditcard/offer/shopee2.jpg
中國信託,更多優惠,33,https://mkt.ctbcbank.com/recent/202609/N2026070900022_01-30/index.html,https://www.ctbcbank.com/content/dam/twrbo/images/creditcard/offer/ETpet400x240.jpg
中國信託,更多優惠,【中信卡】東森寵物,https://mkt.ctbcbank.com/recent/202609/N2026070900022_01-30/index.html,https://www.ctbcbank.com/content/dam/twrbo/images/creditcard/offer/ETpet400x240.jpg
中國信託,更多優惠,【中信卡】台灣大車隊,http://www.taiwantaxi.com.tw/,https://www.ctbcbank.com/content/dam/twrbo/images/creditcard/offer/Redeem000001.jpg
中國信託,更多優惠,【中信卡】台灣中油,https://www.cpc.com.tw/,https://www.ctbcbank.com/content/dam/twrbo/images/creditcard/offer/Redeem000003.jpg
中國信託,更多優惠,【中信卡】BEING sport,https://www.beingsport.com.tw/,https://www.ctbcbank.com/content/dam/twrbo/images/creditcard/offer/Redeem000108.jpg
中國信託,更多優惠,【中信卡】白永恩神父基金會,https://www.beunen.org.tw/contents/text?id=54,https://www.ctbcbank.com/content/dam/twrbo/images/creditcard/offer/Redeem000106.jpg
中國信託,更多優惠,【中信卡】BEING spa,https://www.beingspa.com.tw/index.php,https://www.ctbcbank.com/content/dam/twrbo/images/creditcard/offer/Redeem000107.jpg
中國信託,更多優惠,【中信卡】BEING fit,https://www.beingfit.com.tw/,https://www.ctbcbank.com/content/dam/twrbo/images/creditcard/offer/Redeem000109.jpg
中國信託,更多優惠,【中信卡】墊腳石圖書,http://www.steppingstone.com.tw,https://www.ctbcbank.com/content/dam/twrbo/images/creditcard/offer/Redeem000041.jpg
中國信託,更多優惠,【中信卡】中興嘟嘟房停車場,http://www.dodohome.com.tw,https://www.ctbcbank.com/content/dam/twrbo/images/creditcard/offer/Redeem000086.jpg
中國信託,更多優惠,【中信卡】台灣聯通停車場,http://www.taiwan-parking.com.tw,https://www.ctbcbank.com/content/dam/twrbo/images/creditcard/offer/Redeem000087.jpg
中國信託,更多優惠,【中信卡】ViVi PARK,http://www.vivi-park.com,https://www.ctbcbank.com/content/dam/twrbo/images/creditcard/offer/Redeem000092.jpg
中國信託,更多優惠,【中信卡】中租租車,https://www.ctbcbank.com/content/dam/minisite/long/creditcard/rental/index.html,https://www.ctbcbank.com/content/dam/twrbo/images/creditcard/offer/RE000001.jpg
中國信託,更多優惠,【中信卡】勸世三姊妹音樂劇,https://dmkk.tw/dk05VqUVn/ctbc,https://www.ctbcbank.com/content/dam/twrbo/images/creditcard/offer/3sister.jpg
中國信託,更多優惠,【中信卡】預借現金，出門在外有備無患,https://mkt.ctbcbank.com/long/creditcard/N2025051900001_01/index.html,https://www.ctbcbank.com/content/dam/twrbo/images/creditcard/offer/OLIMIT99.jpg
中國信託,更多優惠,【中信卡】生活繳費,https://mkt.ctbcbank.com/long/creditcard/withholdedm/index.html,https://www.ctbcbank.com/content/dam/twrbo/images/creditcard/offer/W000001.jpg
中國信託,更多優惠,【中信卡】中華電信費,https://www.ctbcbank.com/content/dam/minisite/long/creditcard/chunghwa/index.html,https://www.ctbcbank.com/content/dam/twrbo/images/creditcard/offer/WCHT001.jpg
中國信託,更多優惠,【中信卡】同黨劇團《父親母親》,https://www.opentix.life/event/2037519395154640897,https://www.ctbcbank.com/content/dam/twrbo/images/creditcard/offer/PAMA10011004.jpg
中國信託,更多優惠,【中信卡】《囍宴》2026年9/25與9/26場次,https://huaent.tw/en18eA3Mb,https://www.ctbcbank.com/content/dam/twrbo/images/creditcard/offer/WEEDING09250926.png
中國信託,更多優惠,【中信卡】優人神鼓《我回來了》,https://www.opentix.life/event/2057670301236293632,https://www.ctbcbank.com/content/dam/twrbo/images/creditcard/offer/UTHEATRE09051011.jpg
中國信託,更多優惠,【中信卡】會演是英雄2_英雄所賤略同,https://reurl.cc/181xOQ,https://www.ctbcbank.com/content/dam/twrbo/images/creditcard/offer/HERO07241227.jpg
中國信託,更多優惠,【中信卡】MUZIKids,https://www.opentix.life/o/1893874568376971264,https://www.ctbcbank.com/content/dam/twrbo/images/creditcard/offer/MUZI09250927.png
中國信託,更多優惠,【中信卡】迪士尼金曲派對,https://ticket.mna.com.tw/UTK0201_?PRODUCT_ID=P1DJYOXZ,https://www.ctbcbank.com/content/dam/twrbo/images/creditcard/offer/DISNEY092627.jpg
國泰世華,信用卡優惠,信用卡,https://www.cathay-cube.com.tw/cathaybk/personal/event/overview?category=credit-card,
國泰世華,信用卡優惠,數位服務,https://www.cathay-cube.com.tw/cathaybk/personal/event/overview?category=digital-service,
國泰世華,信用卡優惠,【兌換完畢】JAM JAM ASIA 亞洲音樂節雙日優先入場權益,https://www.cathay-cube.com.tw/content/cub-aem-cs/zh-tw/cathaybk/personal/event/overview/credit-card/bonus/product/trendytaipei-fastpass.html,https://www.cathay-cube.com.tw/content/dam/cub-aem-cs/Image/Personal/overview/credit-card/entertainment/1050x630.png
國泰世華,信用卡優惠,【童樂匯專屬】迎接開學季！指定文具、生活百貨 領券加碼5%回饋,https://www.cathay-cube.com.tw/content/cub-aem-cs/zh-tw/cathaybk/personal/event/overview/credit-card/shopping/202608/2026backtoschool.html,https://www.cathay-cube.com.tw/content/dam/cub-aem-cs/Image/Personal/overview/credit-card/Shopping/1050x630_baktoschool.png
國泰世華,信用卡優惠,Coupang酷澎 刷卡優惠 (8/13~8/31),https://www.cathay-cube.com.tw/content/cub-aem-cs/zh-tw/cathaybk/personal/event/overview/credit-card/online-shopping/202608/Coupang_202608.html,https://www.cathay-cube.com.tw/content/dam/cub-aem-cs/Image/Personal/overview/credit-card/%E7%B6%B2%E8%B3%BCapp/8%E6%9C%88_1050x630_coupang_01.png
國泰世華,信用卡優惠,桃園捷運2026 8-9月乘車優惠活動,https://www.cathay-cube.com.tw/content/cub-aem-cs/zh-tw/cathaybk/personal/event/overview/credit-card/transportation/2026/TYMetro2026Q3.html,https://www.cathay-cube.com.tw/content/dam/cub-aem-cs/Image/Personal/overview/credit-card/transportation/TYMetro2025Q3_1050x630.jpg
國泰世華,信用卡優惠,"【全聯慶中元】週末刷CUBE信用卡單筆滿1,300元享最高7%回饋",https://www.cathay-cube.com.tw/content/cub-aem-cs/zh-tw/cathaybk/personal/event/overview/credit-card/shopping/202608/PXMart_202608.html,https://www.cathay-cube.com.tw/content/dam/cub-aem-cs/Image/Personal/overview/credit-card/Shopping/pxpay1050x630.jpeg
國泰世華,信用卡優惠,大全聯刷國泰世華信用卡單筆消費滿額享加碼回饋,https://www.cathay-cube.com.tw/content/cub-aem-cs/zh-tw/cathaybk/personal/event/overview/credit-card/shopping/202608/RTMart_20260807.html,https://www.cathay-cube.com.tw/content/dam/cub-aem-cs/Image/Personal/overview/credit-card/Shopping/pxpay1050x630.jpeg
國泰世華,信用卡優惠,"大樹藥局刷CUBE信用卡
完成任務享最高3%小樹點(信用卡)回饋",https://www.cathay-cube.com.tw/content/cub-aem-cs/zh-tw/cathaybk/personal/event/overview/credit-card/shopping/202606/greattree_2026H2.html,https://www.cathay-cube.com.tw/content/dam/cub-aem-cs/Image/Personal/overview/credit-card/Shopping/1050_630.png
國泰世華,信用卡優惠,"星巴克儲值
刷CUBE信用卡最高享5.3%回饋",https://www.cathay-cube.com.tw/content/cub-aem-cs/zh-tw/cathaybk/personal/event/overview/credit-card/shopping/202608/2026_starbucks.html,https://www.cathay-cube.com.tw/content/dam/cub-aem-cs/Image/Personal/overview/credit-card/Shopping/%E6%98%9F%E5%B7%B4%E5%85%8B_1050x630_0.png
國泰世華,信用卡優惠,屈臣氏官方網路商店/APP，單筆滿額現折NT$110,https://www.cathay-cube.com.tw/content/cub-aem-cs/zh-tw/cathaybk/personal/event/overview/credit-card/shopping/202608/2026-watsons-ec-08.html,https://www.cathay-cube.com.tw/content/dam/cub-aem-cs/Image/Personal/overview/credit-card/%E7%B6%B2%E8%B3%BCapp/watsons1.jpg
國泰世華,信用卡優惠,康是美網購eShop,https://www.cathay-cube.com.tw/content/cub-aem-cs/zh-tw/cathaybk/personal/event/overview/credit-card/shopping/202608/cosmed_eshop_202608.html,https://www.cathay-cube.com.tw/content/dam/cub-aem-cs/Image/Personal/overview/credit-card/Shopping/%E5%BA%B7%E6%98%AF%E7%BE%8EAEM%E8%83%8C%E6%99%AF%E5%9C%96_NEW.png
國泰世華,信用卡優惠,"大樹藥局刷CUBE信用卡
享最高6.5%小樹點(信用卡)回饋",https://www.cathay-cube.com.tw/content/cub-aem-cs/zh-tw/cathaybk/personal/event/overview/credit-card/shopping/202608/greattree_2026.html,https://www.cathay-cube.com.tw/content/dam/cub-aem-cs/Image/Personal/overview/credit-card/Shopping/1050_630.png
國泰世華,信用卡優惠,蝦皮購物聯名卡加碼,https://www.cathay-cube.com.tw/content/cub-aem-cs/zh-tw/cathaybk/personal/event/overview/credit-card/online-shopping/202410/sp-permonth.html,https://www.cathay-cube.com.tw/content/dam/cub-aem-cs/Image/Personal/overview/credit-card/%E7%B6%B2%E8%B3%BCapp/shopee7.jpg
國泰世華,信用卡優惠,博客來「童書旗艦館」領券享加碼5%回饋｜童樂匯專屬禮遇,https://www.cathay-cube.com.tw/content/cub-aem-cs/zh-tw/cathaybk/personal/event/overview/credit-card/online-shopping/202607/2026book.html,https://www.cathay-cube.com.tw/content/dam/cub-aem-cs/Image/Personal/overview/credit-card/%E7%B6%B2%E8%B3%BCapp/books.jpg
國泰世華,信用卡優惠,親子天下有聲故事書領券享加碼5%回饋｜童樂匯專屬禮遇,https://www.cathay-cube.com.tw/content/cub-aem-cs/zh-tw/cathaybk/personal/event/overview/credit-card/online-shopping/202607/2026storyapp.html,https://www.cathay-cube.com.tw/content/dam/cub-aem-cs/Image/Personal/overview/credit-card/%E7%B6%B2%E8%B3%BCapp/1050x630_%E8%A6%AA%E5%AD%90%E5%A4%A9%E4%B8%8B.png
國泰世華,信用卡優惠,PChome 24h購物 刷卡優惠 (8/1~8/31),https://www.cathay-cube.com.tw/content/cub-aem-cs/zh-tw/cathaybk/personal/event/overview/credit-card/online-shopping/202608/pchomeonline202608_1.html,https://www.cathay-cube.com.tw/content/dam/cub-aem-cs/Image/Personal/overview/credit-card/%E7%B6%B2%E8%B3%BCapp/PC_1050x630_new_3.jpg
國泰世華,信用卡優惠,momo購物網 累積滿額加碼優惠 (8/1 - 8/31),https://www.cathay-cube.com.tw/content/cub-aem-cs/zh-tw/cathaybk/personal/event/overview/credit-card/online-shopping/202608/momo202608_2.html,https://www.cathay-cube.com.tw/content/dam/cub-aem-cs/Image/Personal/overview/credit-card/%E7%B6%B2%E8%B3%BCapp/momo_new_1050x630_3.jpg
國泰世華,信用卡優惠,PChome 24h購物 累積滿額加碼優惠 (8/1-8/31),https://www.cathay-cube.com.tw/content/cub-aem-cs/zh-tw/cathaybk/personal/event/overview/credit-card/online-shopping/202608/pchomeonline202608_2.html,https://www.cathay-cube.com.tw/content/dam/cub-aem-cs/Image/Personal/overview/credit-card/%E7%B6%B2%E8%B3%BCapp/pchome2.jpg
國泰世華,信用卡優惠,"蝦皮購物 8月狂購盛典
(08/01~08/10)",https://www.cathay-cube.com.tw/content/cub-aem-cs/zh-tw/cathaybk/personal/event/overview/credit-card/online-shopping/202608/shopee202608_3.html,https://www.cathay-cube.com.tw/content/dam/cub-aem-cs/Image/Personal/overview/credit-card/%E7%B6%B2%E8%B3%BCapp/shopee3.jpg
國泰世華,信用卡優惠,"蝦皮購物8月購物嘉年華
(08/01~08/31)",https://www.cathay-cube.com.tw/content/cub-aem-cs/zh-tw/cathaybk/personal/event/overview/credit-card/online-shopping/202608/shopee202608_1.html,https://www.cathay-cube.com.tw/content/dam/cub-aem-cs/Image/Personal/overview/credit-card/%E7%B6%B2%E8%B3%BCapp/shopee1.jpg
國泰世華,信用卡優惠,momo購物網 刷卡優惠 (8/1~8/31),https://www.cathay-cube.com.tw/content/cub-aem-cs/zh-tw/cathaybk/personal/event/overview/credit-card/online-shopping/202608/momo202608_1.html,https://www.cathay-cube.com.tw/content/dam/cub-aem-cs/Image/Personal/overview/credit-card/%E7%B6%B2%E8%B3%BCapp/momo_new_1050x630_.jpg
國泰世華,信用卡優惠,日本MITSUI指定商場領券最高享5%小樹點(信用卡)回饋,https://www.cathay-cube.com.tw/content/cub-aem-cs/zh-tw/cathaybk/personal/event/overview/credit-card/travel/202608/JPMitsui2026H2.html,https://www.cathay-cube.com.tw/content/dam/cub-aem-cs/Image/Personal/overview/credit-card/%E5%9C%8B%E5%85%A7%E5%A4%96%E6%97%85%E9%81%8A/%E4%B8%89%E4%BA%95%E3%82%A2%E3%82%A6%E3%83%88%E3%83%AC%E3%83%83%E3%83%88%E3%83%91%E3%83%BC%E3%82%AF%20%E4%BB%99%E5%8F%B0%E6%B8%AF_%E5%A4%96%E8%A6%B32.jpg
國泰世華,信用卡優惠,"亞洲萬里通聯名卡，刷出新旅程！消費達檻最高贈4,000里數！",https://www.cathay-cube.com.tw/content/cub-aem-cs/zh-tw/cathaybk/personal/event/overview/credit-card/travel/202608/2026AM-Summer.html,https://www.cathay-cube.com.tw/content/dam/cub-aem-cs/Image/Personal/overview/credit-card/%E5%9C%8B%E5%85%A7%E5%A4%96%E6%97%85%E9%81%8A/01_AM%E5%8D%A1/2026%20Summer.jpg
國泰世華,信用卡優惠,國泰世華銀行 蔡健雅除此之外 Into The B-Sides,https://www.cathay-cube.com.tw/content/cub-aem-cs/zh-tw/cathaybk/personal/event/overview/credit-card/entertainment/2026/TanyaKMC.html,https://www.cathay-cube.com.tw/content/dam/cub-aem-cs/Image/Personal/overview/credit-card/entertainment/TanyaKMC.jpg
國泰世華,信用卡優惠,【童樂匯專屬】TutorABC限定獨家禮遇,https://www.cathay-cube.com.tw/content/cub-aem-cs/zh-tw/cathaybk/personal/event/overview/credit-card/entertainment/2026/2026H2tutorabcstudy.html,https://www.cathay-cube.com.tw/content/dam/cub-aem-cs/Image/Personal/overview/credit-card/%E7%B6%B2%E8%B3%BCapp/1050x630_TutorABC.png
國泰世華,信用卡優惠,【兌換完畢】蔡健雅 除此之外 Into The B-Sides 另一面的蔡健雅 雙人互動套票,https://www.cathay-cube.com.tw/content/cub-aem-cs/zh-tw/cathaybk/personal/event/overview/credit-card/bonus/product/TANYA-Kaohsiung.html,https://www.cathay-cube.com.tw/content/dam/cub-aem-cs/Image/Personal/overview/credit-card/entertainment/%E8%94%A1%E5%81%A5%E9%9B%85%E9%AB%98%E9%9B%84.jpg
國泰世華,信用卡優惠,國泰世華銀行 彭佳慧《數著時間的日子》巡迴演唱會,https://www.cathay-cube.com.tw/content/cub-aem-cs/zh-tw/cathaybk/personal/event/overview/credit-card/entertainment/2026/JuliaPeng.html,https://www.cathay-cube.com.tw/content/dam/cub-aem-cs/Image/Personal/overview/credit-card/entertainment/JuliaPeng_KV.jpg
國泰世華,信用卡優惠,【童樂匯專屬】雞湯大叔小小店長體驗活動(限定席次!!),https://www.cathay-cube.com.tw/content/cub-aem-cs/zh-tw/cathaybk/personal/event/overview/credit-card/dining/202607/2026brothmaster.html,https://www.cathay-cube.com.tw/content/dam/cub-aem-cs/Image/Personal/overview/credit-card/Dining/20260728-165205.jpeg
國泰世華,信用卡優惠,刷國泰世華指定信用卡，享國泰航空精選航點88折起！,https://www.cathay-cube.com.tw/content/cub-aem-cs/zh-tw/cathaybk/personal/event/overview/credit-card/travel/202607/CX_88.html,https://www.cathay-cube.com.tw/content/dam/cub-aem-cs/Image/Personal/overview/credit-card/%E5%9C%8B%E5%85%A7%E5%A4%96%E6%97%85%E9%81%8A/01_AM%E5%8D%A1/INF_YCL_CUBE_1050x630.jpg
國泰世華,信用卡優惠,"長榮航空高爾夫公開賽
刷長榮航空極致無限卡
新卡戶最高享4,500元刷卡金",https://www.cathay-cube.com.tw/content/cub-aem-cs/zh-tw/cathaybk/personal/event/overview/credit-card/travel/202607/eva_golf_20261.html,https://www.cathay-cube.com.tw/content/dam/cub-aem-cs/Image/Personal/overview/credit-card/%E5%9C%8B%E5%85%A7%E5%A4%96%E6%97%85%E9%81%8A/01-EVA%E5%8D%A1/EVA_GOLF_0714_01.jpg
國泰世華,信用卡優惠,國泰世華Visa信用卡友限定 │日本高端餐飲專屬訂位,https://www.cathay-cube.com.tw/content/cub-aem-cs/zh-tw/cathaybk/personal/event/overview/credit-card/dining/202607/visa_reserved.html,https://www.cathay-cube.com.tw/content/dam/cub-aem-cs/Image/Personal/overview/credit-card/Dining/cathay-visa-2.png
國泰世華,信用卡優惠,"World Gym領券刷CUBE信用卡
最高享3%小樹點(信用卡)回饋(上限600點)",https://www.cathay-cube.com.tw/content/cub-aem-cs/zh-tw/cathaybk/personal/event/overview/credit-card/shopping/202607/wg.html,https://www.cathay-cube.com.tw/content/dam/cub-aem-cs/Image/Personal/overview/credit-card/Shopping/1050x630_WG_new.png
國泰世華,信用卡優惠,"LG線上商城領券
刷CUBE信用卡最高5%回饋",https://www.cathay-cube.com.tw/content/cub-aem-cs/zh-tw/cathaybk/personal/event/overview/credit-card/online-shopping/202607/lg.html,https://www.cathay-cube.com.tw/content/dam/cub-aem-cs/Image/Personal/overview/credit-card/%E7%B6%B2%E8%B3%BCapp/1050x630_LG%E7%B7%9A%E4%B8%8A%E5%95%86%E5%9F%8E2026.png
國泰世華,信用卡優惠,CUBE卡友到臺虎來場微醺聚會！大杯升級、卡友日9折等多重優惠！CUBE App 完成臺虎任務，解鎖7%小樹點(信用卡)回饋,https://www.cathay-cube.com.tw/content/cub-aem-cs/zh-tw/cathaybk/personal/event/overview/credit-card/dining/202607/taihu26.html,https://www.cathay-cube.com.tw/content/dam/cub-aem-cs/Image/Personal/overview/credit-card/Dining/%E8%87%BA%E8%99%8E12%E6%9C%88AEM%E6%A0%BC%E5%BC%8F_2.jpg
國泰世華,信用卡優惠,"大樹藥局刷CUBE信用卡
領券刷卡最高3.5%小樹點(信用卡)回饋",https://www.cathay-cube.com.tw/content/cub-aem-cs/zh-tw/cathaybk/personal/event/overview/credit-card/shopping/202606/greattree_2026Q3.html,https://www.cathay-cube.com.tw/content/dam/cub-aem-cs/Image/Personal/overview/credit-card/Shopping/gteattree_2026Q3.png
國泰世華,信用卡優惠,屈臣氏每週二卡友日,https://www.cathay-cube.com.tw/content/cub-aem-cs/zh-tw/cathaybk/personal/event/overview/credit-card/shopping/202607/2026-watsons-bankday-h2.html,https://www.cathay-cube.com.tw/content/dam/cub-aem-cs/Image/Personal/overview/credit-card/Shopping/2025%20kv%20web%20.png
國泰世華,信用卡優惠,"屈臣氏官方網路商店/APP
刷CUBE信用卡最高享5.3%回饋",https://www.cathay-cube.com.tw/content/cub-aem-cs/zh-tw/cathaybk/personal/event/overview/credit-card/shopping/202607/2026-watsons-ec-cube-h2.html,https://www.cathay-cube.com.tw/content/dam/cub-aem-cs/Image/Personal/overview/credit-card/Shopping/2025%20kv%20web%20.png
國泰世華,信用卡優惠,OPEN錢包綁定CUBE卡滿額最高享12%回饋,https://www.cathay-cube.com.tw/content/cub-aem-cs/zh-tw/cathaybk/personal/event/overview/credit-card/shopping/202607/OPENPOINT2026Q3.html,https://www.cathay-cube.com.tw/content/dam/cub-aem-cs/Image/Personal/overview/credit-card/Shopping/7-11_KV2.jpg
國泰世華,信用卡優惠,康是美週六卡友日,https://www.cathay-cube.com.tw/content/cub-aem-cs/zh-tw/cathaybk/personal/event/overview/credit-card/shopping/202607/2026-cosmed-bankday.html,https://www.cathay-cube.com.tw/content/dam/cub-aem-cs/Image/Personal/overview/credit-card/Shopping/%E5%BA%B7%E6%98%AF%E7%BE%8EAEM%E8%83%8C%E6%99%AF%E5%9C%96_NEW.png
國泰世華,信用卡優惠,寶雅POYA,https://www.cathay-cube.com.tw/content/cub-aem-cs/zh-tw/cathaybk/personal/event/overview/credit-card/shopping/202607/POYA_2026Q3.html,https://www.cathay-cube.com.tw/content/dam/cub-aem-cs/Image/Personal/overview/credit-card/Shopping/poya_aem_2026q2.png
國泰世華,信用卡優惠,全國電子分期滿額登錄成功最高享5%回饋,https://www.cathay-cube.com.tw/content/cub-aem-cs/zh-tw/cathaybk/personal/event/overview/credit-card/shopping/202607/elifemall.html,https://www.cathay-cube.com.tw/content/dam/cub-aem-cs/Image/Personal/overview/credit-card/Shopping/1050x630_%E5%85%A8%E5%9C%8B2026.png
國泰世華,信用卡優惠,"<本活動已結束>
來燦坤3C刷國泰世華信用卡",https://www.cathay-cube.com.tw/content/cub-aem-cs/zh-tw/cathaybk/personal/event/overview/credit-card/shopping/202607/tk3c.html,https://www.cathay-cube.com.tw/content/dam/cub-aem-cs/Image/Personal/overview/credit-card/Shopping/1050x630_%E7%87%A6%E5%9D%A42026.png
國泰世華,信用卡優惠,CUBE 信用卡 & LaLaport刷CUBE信用卡 完成任務並領券 下次消費享回饋｜國泰世華信用卡優惠活動,https://www.cathay-cube.com.tw/content/cub-aem-cs/zh-tw/cathaybk/personal/event/overview/credit-card/shopping/202607/lalaport2026q3.html,https://www.cathay-cube.com.tw/content/dam/cub-aem-cs/Image/Personal/overview/credit-card/Shopping/AEM_LaLaportv2.png
國泰世華,信用卡優惠,"icash Pay綁國泰世華icash聯名卡
7-Eleven實體門市消費最高10%回饋",https://www.cathay-cube.com.tw/content/cub-aem-cs/zh-tw/cathaybk/personal/event/overview/credit-card/shopping/202607/icashpay-7eleven2026h2.html,https://www.cathay-cube.com.tw/content/dam/cub-aem-cs/Image/Personal/overview/credit-card/%E7%B6%B2%E8%B3%BCapp/088_%E5%8C%96%E5%A6%9D%E5%93%81%E6%8E%A1%E8%B2%B7.jpg
國泰世華,信用卡優惠,蝦皮購物促刷檔期再加碼6%蝦幣,https://www.cathay-cube.com.tw/content/cub-aem-cs/zh-tw/cathaybk/personal/event/overview/credit-card/online-shopping/202411/sp-campaign.html,https://www.cathay-cube.com.tw/content/dam/cub-aem-cs/Image/Personal/overview/credit-card/%E7%B6%B2%E8%B3%BCapp/shopee7.jpg
國泰世華,信用卡優惠,蝦皮卡指定外送、交通、旅遊最高7%,https://www.cathay-cube.com.tw/content/cub-aem-cs/zh-tw/cathaybk/personal/event/overview/credit-card/online-shopping/202506/sp-travel.html,https://www.cathay-cube.com.tw/content/dam/cub-aem-cs/Image/Personal/overview/credit-card/%E7%B6%B2%E8%B3%BCapp/travelnew.png
國泰世華,信用卡優惠,"小樹購 週三卡友日
單筆滿額最高享10%現折優惠",https://www.cathay-cube.com.tw/content/cub-aem-cs/zh-tw/cathaybk/personal/event/overview/credit-card/online-shopping/202607/treebuy2026h2.html,https://www.cathay-cube.com.tw/content/dam/cub-aem-cs/Image/Personal/overview/credit-card/%E7%B6%B2%E8%B3%BCapp/treebuy2024.jpg
國泰世華,信用卡優惠,肯德基 | 必勝客 專屬訂餐享優惠,https://www.cathay-cube.com.tw/content/cub-aem-cs/zh-tw/cathaybk/personal/event/overview/credit-card/dining/202507/JARDINE-FOOD.html,https://www.cathay-cube.com.tw/content/dam/cub-aem-cs/Image/Personal/overview/credit-card/Dining/KFCPH_.jpg
國泰世華,信用卡優惠,CUBE信用卡&麥當勞專屬優惠 | 國泰世華信用卡優惠活動,https://www.cathay-cube.com.tw/content/cub-aem-cs/zh-tw/cathaybk/personal/event/overview/credit-card/dining/202604/mcdonalds_202604.html,https://www.cathay-cube.com.tw/content/dam/cub-aem-cs/Image/Personal/overview/credit-card/Dining/MCD_1.jpg
國泰世華,信用卡優惠,國泰世華信用卡 & foodpanda 卡友優惠｜國泰世華信用卡優惠活動,https://www.cathay-cube.com.tw/content/cub-aem-cs/zh-tw/cathaybk/personal/event/overview/credit-card/dining/202607/foodpanda.html,https://www.cathay-cube.com.tw/content/dam/cub-aem-cs/Image/Personal/overview/credit-card/Dining/pandapro1.png
國泰世華,信用卡優惠,"CUBE信用卡新戶專屬
麥當勞APP手機點餐優惠",https://www.cathay-cube.com.tw/content/cub-aem-cs/zh-tw/cathaybk/personal/event/overview/credit-card/dining/202607/mcdonalds_newuser_202607.html,https://www.cathay-cube.com.tw/content/dam/cub-aem-cs/Image/Personal/overview/credit-card/Dining/MCD.jpg
國泰世華,信用卡優惠,【童樂匯專屬】綁定瘋Pay於陶板屋消費享專屬回饋,https://www.cathay-cube.com.tw/content/cub-aem-cs/zh-tw/cathaybk/personal/event/overview/credit-card/dining/202607/2026wowprime.html,https://www.cathay-cube.com.tw/content/dam/cub-aem-cs/Image/Personal/overview/credit-card/Dining/%E7%AB%A5%E6%A8%82%E5%8C%AF_%E9%99%B6%E6%9D%BF%E5%B1%8B_v2.jpg
國泰世華,信用卡優惠,CUBE慶生月踩點吉章,https://www.cathay-cube.com.tw/content/cub-aem-cs/zh-tw/cathaybk/personal/event/overview/credit-card/dining/202607/cube_birthday_2026Q3.html,https://www.cathay-cube.com.tw/content/dam/cub-aem-cs/Image/Personal/overview/credit-card/Dining/1050x630-2026Q2BD-1.jpg
國泰世華,信用卡優惠,國泰世華卡指定油站享加油降價優惠,https://www.cathay-cube.com.tw/content/cub-aem-cs/zh-tw/cathaybk/personal/event/overview/credit-card/transportation/2026/GasStation2026.html,https://www.cathay-cube.com.tw/content/dam/cub-aem-cs/Image/Personal/overview/credit-card/transportation/FORMOSAPAY-1050x630.jpg
國泰世華,信用卡優惠,"【好評延長！】
日本三越伊勢丹刷JCB信用卡
滿額享5%現金回饋",https://www.cathay-cube.com.tw/content/cub-aem-cs/zh-tw/cathaybk/personal/event/overview/credit-card/travel/202601/jcbq1.html,https://www.cathay-cube.com.tw/content/dam/cub-aem-cs/Image/Personal/overview/credit-card/%E5%9C%8B%E5%85%A7%E5%A4%96%E6%97%85%E9%81%8A/jcbq1.jpg
國泰世華,信用卡優惠,CUBE 信用卡 & 可樂旅遊專屬優惠｜國泰世華信用卡優惠活動,https://www.cathay-cube.com.tw/content/cub-aem-cs/zh-tw/cathaybk/personal/event/overview/credit-card/travel/202601/colatour.html,https://www.cathay-cube.com.tw/content/dam/cub-aem-cs/Image/Personal/overview/credit-card/%E5%9C%8B%E5%85%A7%E5%A4%96%E6%97%85%E9%81%8A/2026_%E5%8F%AF%E6%A8%82%E6%97%85%E9%81%8A%E5%B0%81%E9%9D%A2%E5%9C%96%E7%89%87.jpg
國泰世華,信用卡優惠,"刷國泰世華萬事達卡
海外消費滿額享最高50%回饋！",https://www.cathay-cube.com.tw/content/cub-aem-cs/zh-tw/cathaybk/personal/event/overview/credit-card/travel/202601/mastercardmtrq1.html,https://www.cathay-cube.com.tw/content/dam/cub-aem-cs/Image/Personal/overview/credit-card/%E5%9C%8B%E5%85%A7%E5%A4%96%E6%97%85%E9%81%8A/2026mtrq1%20(%E4%BF%AE).jpg
國泰世華,信用卡優惠,CUBE 信用卡 & 易遊網 App 專屬優惠｜國泰世華信用卡優惠活動,https://www.cathay-cube.com.tw/content/cub-aem-cs/zh-tw/cathaybk/personal/event/overview/credit-card/travel/202601/ezTravel.html,https://www.cathay-cube.com.tw/content/dam/cub-aem-cs/Image/Personal/overview/credit-card/%E5%9C%8B%E5%85%A7%E5%A4%96%E6%97%85%E9%81%8A/2026_%E6%98%93%E9%81%8A%E7%B6%B2%E5%B0%81%E9%9D%A2%E5%9C%96%E7%89%87.jpg
國泰世華,信用卡優惠,國泰世華信用卡 & KKday專屬優惠｜國泰世華信用卡優惠活動,https://www.cathay-cube.com.tw/content/cub-aem-cs/zh-tw/cathaybk/personal/event/overview/credit-card/travel/202601/KKday2026.html,https://www.cathay-cube.com.tw/content/dam/cub-aem-cs/Image/Personal/overview/credit-card/%E5%9C%8B%E5%85%A7%E5%A4%96%E6%97%85%E9%81%8A/2026_KKday%E5%B0%81%E9%9D%A2%E5%9C%96%E7%89%87.jpg
國泰世華,信用卡優惠,網路投保旅平險，每筆保單最高可獲贈700里數！,https://www.cathay-cube.com.tw/content/cub-aem-cs/zh-tw/cathaybk/personal/event/overview/credit-card/travel/202607/Insurance.html,https://www.cathay-cube.com.tw/content/dam/cub-aem-cs/Image/Personal/overview/credit-card/%E5%9C%8B%E5%85%A7%E5%A4%96%E6%97%85%E9%81%8A/01_AM%E5%8D%A1/insuracne_1050_630%20.png
國泰世華,信用卡優惠,"長榮航空極致無限卡，於長榮官網/APP購票最高享10,000哩回饋",https://www.cathay-cube.com.tw/content/cub-aem-cs/zh-tw/cathaybk/personal/event/overview/credit-card/travel/202607/EVA_202607.html,https://www.cathay-cube.com.tw/content/dam/cub-aem-cs/Image/Personal/overview/credit-card/%E5%9C%8B%E5%85%A7%E5%A4%96%E6%97%85%E9%81%8A/01-EVA%E5%8D%A1/1050x630.jpg
國泰世華,信用卡優惠,"韓國實體消費刷CUBE JCB信用卡
滿額享最高11.8%小樹點(信用卡)回饋",https://www.cathay-cube.com.tw/content/cub-aem-cs/zh-tw/cathaybk/personal/event/overview/credit-card/travel/202607/jcbq3.html,https://www.cathay-cube.com.tw/content/dam/cub-aem-cs/Image/Personal/overview/credit-card/%E5%9C%8B%E5%85%A7%E5%A4%96%E6%97%85%E9%81%8A/JCB_Korea.jpg
國泰世華,信用卡優惠,"【Now on JAPAN】
日本精選實體通路刷JCB信用卡
滿額享最高30%現金回饋",https://www.cathay-cube.com.tw/content/cub-aem-cs/zh-tw/cathaybk/personal/event/overview/credit-card/travel/202607/jcbnowonjapan.html,https://www.cathay-cube.com.tw/content/dam/cub-aem-cs/Image/Personal/overview/credit-card/%E5%9C%8B%E5%85%A7%E5%A4%96%E6%97%85%E9%81%8A/JCB_NowOnJapan.jpg
國泰世華,信用卡優惠,"國泰世華信用卡友
日韓旅遊滿額贈1,000點",https://www.cathay-cube.com.tw/content/cub-aem-cs/zh-tw/cathaybk/personal/event/overview/credit-card/travel/202607/2026-SM-JPKR.html,https://www.cathay-cube.com.tw/content/dam/cub-aem-cs/Image/Personal/overview/credit-card/%E5%9C%8B%E5%85%A7%E5%A4%96%E6%97%85%E9%81%8A/%E3%80%90%E5%85%A8%E5%8D%A1%E3%80%91Q3%E6%97%A5%E9%9F%93%E6%BB%BF%E9%A1%8D%E5%8A%A0%E7%A2%BC_1050x630.png
國泰世華,信用卡優惠,"刷 CUBE 信用卡刷保費
最高6.2%回饋或12期0利率",https://www.cathay-cube.com.tw/content/cub-aem-cs/zh-tw/cathaybk/personal/event/overview/credit-card/payment/2026/2026insh2.html,https://www.cathay-cube.com.tw/content/dam/cub-aem-cs/Image/Personal/overview/credit-card/payment/2026h1ins1050x630.png
國泰世華,信用卡優惠,Xpark 都會型水生公園｜CUBE卡友禮遇,https://www.cathay-cube.com.tw/content/cub-aem-cs/zh-tw/cathaybk/personal/event/overview/credit-card/entertainment/2026/2026xpark2.html,https://www.cathay-cube.com.tw/content/dam/cub-aem-cs/Image/Personal/overview/credit-card/%E5%9C%8B%E5%85%A7%E5%A4%96%E6%97%85%E9%81%8A/Xpark-2.jpg
國泰世華,信用卡優惠,韓國樂天免稅店 國泰世華卡友購物享三重專屬優惠,https://www.cathay-cube.com.tw/content/cub-aem-cs/zh-tw/cathaybk/personal/event/overview/credit-card/travel/202606/KR-LOTTE-DFS.html,https://www.cathay-cube.com.tw/content/dam/cub-aem-cs/Image/Personal/overview/credit-card/%E5%9C%8B%E5%85%A7%E5%A4%96%E6%97%85%E9%81%8A/BUSAN%20Store.jpg
國泰世華,信用卡優惠,刷 CUBE 信用卡切換「趣旅行」，台北和逸飯店領券最高享 7% 回饋,https://www.cathay-cube.com.tw/content/cub-aem-cs/zh-tw/cathaybk/personal/event/overview/credit-card/travel/202606/COZZI_cathayhotel2026.html,https://www.cathay-cube.com.tw/content/dam/cub-aem-cs/Image/Personal/overview/credit-card/%E9%A4%90%E9%A3%B2%E5%84%AA%E6%83%A0/AEM_COZZZI%20zhongxiao__room1.jpg
國泰世華,信用卡優惠,CUBE動漫祭，最高15%回饋!,https://www.cathay-cube.com.tw/content/cub-aem-cs/zh-tw/cathaybk/personal/event/overview/credit-card/entertainment/2026/comic_exhibition.html,https://www.cathay-cube.com.tw/content/dam/cub-aem-cs/Image/Personal/overview/credit-card/entertainment/3DversionKV.jpg
國泰世華,信用卡優惠,解鎖Klook 指定旅遊任務，享海外實體消費加碼最高5%,https://www.cathay-cube.com.tw/content/cub-aem-cs/zh-tw/cathaybk/personal/event/overview/credit-card/travel/202606/klookq3.html,https://www.cathay-cube.com.tw/content/dam/cub-aem-cs/Image/Personal/overview/credit-card/%E5%9C%8B%E5%85%A7%E5%A4%96%E6%97%85%E9%81%8A/%E3%80%90CUBE%E5%8D%A1%E3%80%91Klook%E4%BB%BB%E5%8B%99%E7%89%86AEM%E9%A6%96%E5%9C%96_1050x630.png
國泰世華,信用卡優惠,2026 Trendy Taipei-JAM JAM ASIA亞洲音樂節,https://www.cathay-cube.com.tw/content/cub-aem-cs/zh-tw/cathaybk/personal/event/overview/credit-card/entertainment/2026/trendytaipei.html,https://www.cathay-cube.com.tw/content/dam/cub-aem-cs/Image/Personal/overview/credit-card/entertainment/trendytaipei.jpg
國泰世華,信用卡優惠,台塑指定通路刷CUBE信用卡，享專屬購物優惠。,https://www.cathay-cube.com.tw/content/cub-aem-cs/zh-tw/cathaybk/personal/event/overview/credit-card/shopping/202606/FPG2026.html,https://www.cathay-cube.com.tw/content/dam/cub-aem-cs/Image/Personal/overview/credit-card/Shopping/%E5%8F%B0%E5%A1%91%E5%84%AA%E6%83%A0.jpg
國泰世華,信用卡優惠,"小樹購 618趣BUY節
CUBE信用卡獨享雙重回饋",https://www.cathay-cube.com.tw/content/cub-aem-cs/zh-tw/cathaybk/personal/event/overview/credit-card/online-shopping/202606/treebuy202606.html,https://www.cathay-cube.com.tw/content/dam/cub-aem-cs/Image/Personal/overview/credit-card/%E7%B6%B2%E8%B3%BCapp/1050x630_treebuy618.jpg
國泰世華,信用卡優惠,CUBE信用卡，美味與回饋上桌！,https://www.cathay-cube.com.tw/content/cub-aem-cs/zh-tw/cathaybk/personal/event/overview/credit-card/dining/202604/cube_dining.html,https://www.cathay-cube.com.tw/content/dam/cub-aem-cs/Image/Personal/overview/credit-card/Dining/%E9%A4%90%E9%A3%B2%E6%B4%BB%E5%8B%95%E4%B8%BB%E8%A6%96%E8%A6%BA-1050x630.jpg
國泰世華,信用卡優惠,"CUBE信用卡台塑家權益
台塑指定加油站2%小樹點(信用卡)回饋",https://www.cathay-cube.com.tw/content/cub-aem-cs/zh-tw/cathaybk/personal/event/overview/credit-card/transportation/2026/formosa2026.html,https://www.cathay-cube.com.tw/content/dam/cub-aem-cs/Image/Personal/overview/credit-card/transportation/%E5%8F%B0%E5%A1%91%E5%AE%B6.jpg
國泰世華,信用卡優惠,"長榮航空極致無限卡，
享行李特工行李運送費用8折優惠！",https://www.cathay-cube.com.tw/content/cub-aem-cs/zh-tw/cathaybk/personal/event/overview/credit-card/travel/202606/luggagent.html,https://www.cathay-cube.com.tw/content/dam/cub-aem-cs/Image/Personal/overview/credit-card/%E5%9C%8B%E5%85%A7%E5%A4%96%E6%97%85%E9%81%8A/01_AM%E5%8D%A1/LuggAgent.png
國泰世華,信用卡優惠,全盈+PAY首綁新戶，全家消費滿額贈點,https://www.cathay-cube.com.tw/content/cub-aem-cs/zh-tw/cathaybk/personal/event/overview/credit-card/shopping/202605/202605-3_PlusPay.html,https://www.cathay-cube.com.tw/content/dam/cub-aem-cs/Image/Personal/overview/%E5%AD%98%E6%AC%BE/aem_logo_4.png
國泰世華,信用卡優惠,全家My FamiPay或全盈+PAY綁定CUBE信用卡使用【小樹點(信用卡)馬上折】，享專屬優惠,https://www.cathay-cube.com.tw/content/cub-aem-cs/zh-tw/cathaybk/personal/event/overview/credit-card/shopping/202605/202605-familymart_CUBE_all.html,https://www.cathay-cube.com.tw/content/dam/cub-aem-cs/Image/Personal/overview/credit-card/Shopping/FAPL_1050x630.png
國泰世華,信用卡優惠,全支付︱全家My FamiPay︱全盈+PAY 綁卡付 小樹點(信用卡)馬上折,https://www.cathaybk.com.tw/cathaybk/promo/event/credit-card/product/TPusenow/index.html?_gl=1*b2qutc*_gcl_au*ODcwOTM0NzE4LjE3ODc2MTk4MjA.*_ga*MTY3MjkxMzI1Ni4xNzg3NjE5ODIw*_ga_T2T689XRGT*czE3ODc2MTk4MjAkbzEkZzAkdDE3ODc2MTk4MjYkajU0JGwwJGgw,https://www.cathay-cube.com.tw/content/dam/cub-aem-cs/Image/Personal/overview/credit-card/Shopping/tpeuse%20web%20kv.jpg
國泰世華,信用卡優惠,"電器愛好者必逛日本愛電王
掃碼消費指定商品享最高7%折扣+10%免稅
切換趣旅行領券刷CUBE信用卡再享最高10%小樹點(信用卡)回饋",https://www.cathay-cube.com.tw/content/cub-aem-cs/zh-tw/cathaybk/personal/event/overview/credit-card/travel/202603/JPEDION.html,https://www.cathay-cube.com.tw/content/dam/cub-aem-cs/Image/Personal/overview/credit-card/%E5%9C%8B%E5%85%A7%E5%A4%96%E6%97%85%E9%81%8A/%E6%84%9B%E9%9B%BB%E7%8E%8B3D%20(4).jpg
國泰世華,信用卡優惠,"台北慕軒飯店，臻品之選
歡慶12週年 臻心感謝",https://www.cathay-cube.com.tw/content/cub-aem-cs/zh-tw/cathaybk/personal/event/overview/credit-card/travel/202605/madison_cathayhotel2026.html,https://www.cathay-cube.com.tw/content/dam/cub-aem-cs/Image/Personal/overview/credit-card/%E9%A4%90%E9%A3%B2%E5%84%AA%E6%83%A0/madison_1050X677.jpg
國泰世華,信用卡優惠,"LINE Pay綁定CUBE信用卡
享最高2%小樹點(信用卡)回饋",https://www.cathay-cube.com.tw/content/cub-aem-cs/zh-tw/cathaybk/personal/event/overview/credit-card/bonus/202604/LINEPay-202604.html,https://www.cathay-cube.com.tw/content/dam/cub-aem-cs/Image/Personal/overview/credit-card/bonus/2025%20CUB-LINE%20Pay.jpg
國泰世華,信用卡優惠,"日本旅遊刷國泰世華Visa信用卡
全球精品名牌享最高 13.3% 回饋",https://www.cathay-cube.com.tw/content/cub-aem-cs/zh-tw/cathaybk/personal/event/overview/credit-card/travel/202606/visafy26.html,https://www.cathay-cube.com.tw/content/dam/cub-aem-cs/Image/Personal/overview/credit-card/%E5%9C%8B%E5%85%A7%E5%A4%96%E6%97%85%E9%81%8A/%E3%80%90visa%E5%8D%A1%E6%B4%BB%E5%8B%95%E3%80%911050x630_shopping.png
國泰世華,信用卡優惠,小樹點 (信用卡) 馬上折 X 全支付專屬權益，全新登場！,https://www.cathay-cube.com.tw/content/cub-aem-cs/zh-tw/cathaybk/personal/event/overview/credit-card/shopping/202604/CUBE_PXPayPlus_2026.html,https://www.cathay-cube.com.tw/content/dam/cub-aem-cs/Image/Personal/overview/credit-card/Shopping/PXPayPlus_Pillar_KV_1050x630.jpg
國泰世華,信用卡優惠,國泰世華｜優惠通關平台,https://www.cathay-cube.com.tw/content/cub-aem-cs/zh-tw/cathaybk/personal/event/overview/credit-card/bonus/product/rewardsplatform.html,https://www.cathay-cube.com.tw/content/dam/cub-aem-cs/Image/Personal/overview/credit-card/bonus/%E5%84%AA%E6%83%A0%E9%80%9A%E9%97%9C%E5%B9%B3%E5%8F%B0v2.jpg
國泰世華,信用卡優惠,U-POWER刷CUBE信用卡領券滿千享最高回饋7%小樹點(信用卡),https://www.cathay-cube.com.tw/content/cub-aem-cs/zh-tw/cathaybk/personal/event/overview/credit-card/transportation/2026/U-POWERQ2.html,https://www.cathay-cube.com.tw/content/dam/cub-aem-cs/Image/Personal/overview/credit-card/transportation/082_%E8%B2%B7%E8%BB%8A%E3%80%81%E5%85%85%E9%9B%BB_1050x630.jpg
國泰世華,信用卡優惠,《國泰世華 x 詹記麻辣火鍋》快閃巡迴、專屬訂位、領券消費加碼2%小樹點(信用卡)回饋！,https://www.cathay-cube.com.tw/content/cub-aem-cs/zh-tw/cathaybk/personal/event/overview/credit-card/dining/202603/chanchihotpotlab.html,https://www.cathay-cube.com.tw/content/dam/cub-aem-cs/Image/Personal/overview/credit-card/Dining/AEM%E6%96%B0KV(%E8%A9%B9%E8%A8%98).jpg
國泰世華,信用卡優惠,國泰世華專屬 │人氣餐廳專屬訂位,https://www.cathay-cube.com.tw/content/cub-aem-cs/zh-tw/cathaybk/personal/event/overview/credit-card/dining/202602/cathay_dining.html,https://www.cathay-cube.com.tw/content/dam/cub-aem-cs/Image/Personal/overview/credit-card/Dining/%E5%9C%8B%E6%B3%B0%E4%B8%96%E8%8F%AF%E5%B0%88%E5%B1%AC%E8%A8%82%E4%BD%8D.jpg
國泰世華,信用卡優惠,寒舍飯店集團CUBE信用卡活動,https://www.cathay-cube.com.tw/content/cub-aem-cs/zh-tw/cathaybk/personal/event/overview/credit-card/travel/202501/mhhgroup2025.html,https://www.cathay-cube.com.tw/content/dam/cub-aem-cs/Image/Personal/overview/credit-card/%E9%A4%90%E9%A3%B2%E5%84%AA%E6%83%A0/%E5%AF%92%E8%88%8D%E9%9B%86%E5%9C%98AEM_%E5%9B%9B%E9%A4%A8%E6%8B%9A%E6%8E%A5%E5%9C%96.png
國泰世華,信用卡優惠,台南晶英酒店 獨家CUBE信用卡友禮遇,https://www.cathay-cube.com.tw/content/cub-aem-cs/zh-tw/cathaybk/personal/event/overview/credit-card/travel/202601/Silks-Place-Tainan.html,https://www.cathay-cube.com.tw/content/dam/cub-aem-cs/Image/Personal/overview/credit-card/%E9%A4%90%E9%A3%B2%E5%84%AA%E6%83%A0/resize%E5%8F%B0%E5%8D%97%E6%99%B6%E8%8B%B1.JPG
國泰世華,信用卡優惠,"日本大丸百貨福岡天神店刷CUBE信用卡
領券消費享7.8%小樹點(信用卡)回饋無上限",https://www.cathay-cube.com.tw/content/cub-aem-cs/zh-tw/cathaybk/personal/event/overview/credit-card/shopping/202507/Daimaru2025H2.html,https://www.cathay-cube.com.tw/content/dam/cub-aem-cs/Image/Personal/overview/credit-card/%E5%9C%8B%E5%85%A7%E5%A4%96%E6%97%85%E9%81%8A/gaikan_0.jpg
國泰世華,信用卡優惠,國泰世華『專屬美食優惠』 │餐餐盡享非凡體驗,https://www.cathay-cube.com.tw/content/cub-aem-cs/zh-tw/cathaybk/personal/event/overview/credit-card/dining/202501/2025-dining.html,https://www.cathay-cube.com.tw/content/dam/cub-aem-cs/Image/Personal/overview/credit-card/Dining/20220620_1804.jpg
國泰世華,信用卡優惠,全球通派車App訂車享最高3.8%小樹點(信用卡)回饋,https://www.cathay-cube.com.tw/content/cub-aem-cs/zh-tw/cathaybk/personal/event/overview/credit-card/transportation/2025/Global-Rental.html,https://www.cathay-cube.com.tw/content/dam/cub-aem-cs/Image/Personal/overview/credit-card/transportation/214.jpg
國泰世華,信用卡優惠,長榮極致無限卡專享年消費達檻受邀換發金屬卡面,https://www.cathay-cube.com.tw/content/cub-aem-cs/zh-tw/cathaybk/personal/event/overview/credit-card/travel/202401/metalcard.html,https://www.cathay-cube.com.tw/content/dam/cub-aem-cs/Image/Personal/overview/credit-card/%E5%9C%8B%E5%85%A7%E5%A4%96%E6%97%85%E9%81%8A/EVA%20metal%20card_FINAL.jpg
國泰世華,信用卡優惠,日本BicCamera刷國泰世華卡享優惠,https://www.cathay-cube.com.tw/content/cub-aem-cs/zh-tw/cathaybk/personal/event/overview/credit-card/travel/202411/BicCamera.html,https://www.cathay-cube.com.tw/content/dam/cub-aem-cs/Image/Personal/overview/credit-card/%E5%9C%8B%E5%85%A7%E5%A4%96%E6%97%85%E9%81%8A/Mastercard_Q4.jpg
國泰世華,信用卡優惠,旅日優惠口袋｜刷國泰世華卡超划算,https://www.cathay-cube.com.tw/content/cub-aem-cs/zh-tw/cathaybk/personal/event/overview/credit-card/travel/202501/JP_DiscountPocket.html,https://www.cathay-cube.com.tw/content/dam/cub-aem-cs/Image/Personal/overview/credit-card/%E5%9C%8B%E5%85%A7%E5%A4%96%E6%97%85%E9%81%8A/Japan%20Girl%201050x630.png
國泰世華,信用卡優惠,全台飯店優惠｜刷國泰世華卡最划算,https://www.cathay-cube.com.tw/content/cub-aem-cs/zh-tw/cathaybk/personal/event/overview/credit-card/travel/202501/Hotels.html,https://www.cathay-cube.com.tw/content/dam/cub-aem-cs/Image/Personal/overview/credit-card/%E9%A4%90%E9%A3%B2%E5%84%AA%E6%83%A0/%E5%93%81%E6%96%87%E6%97%85-%E6%96%87%E6%BC%BE%E5%AE%B6%E5%BA%AD%E6%88%BF.jpg
國泰世華,信用卡優惠,CUBE信用卡 & Hotels.com全球訂房享5%小樹點(信用卡)回饋｜國泰世華信用卡優惠活動,https://www.cathay-cube.com.tw/content/cub-aem-cs/zh-tw/cathaybk/personal/event/overview/credit-card/travel/202601/Hotelscom.html,https://www.cathay-cube.com.tw/content/dam/cub-aem-cs/Image/Personal/overview/credit-card/%E5%9C%8B%E5%85%A7%E5%A4%96%E6%97%85%E9%81%8A/2026_Hotel%E5%B0%81%E9%9D%A2%E5%9C%96%E7%89%87.jpg
國泰世華,信用卡優惠,國泰世華信用卡 & Expedia全球訂房享優惠，帶你玩遍全世界！,https://www.cathay-cube.com.tw/content/cub-aem-cs/zh-tw/cathaybk/personal/event/overview/credit-card/travel/202601/Expedia.html,https://www.cathay-cube.com.tw/content/dam/cub-aem-cs/Image/Personal/overview/credit-card/%E5%9C%8B%E5%85%A7%E5%A4%96%E6%97%85%E9%81%8A/2026_Expedia%E5%B0%81%E9%9D%A2%E5%9C%96%E7%89%87.jpg
國泰世華,信用卡優惠,國泰世華信用卡 & Hotels.com全球訂房享優惠｜國泰世華信用卡優惠活動,https://www.cathay-cube.com.tw/content/cub-aem-cs/zh-tw/cathaybk/personal/event/overview/credit-card/travel/202601/Hotelscom2.html,https://www.cathay-cube.com.tw/content/dam/cub-aem-cs/Image/Personal/overview/credit-card/%E5%9C%8B%E5%85%A7%E5%A4%96%E6%97%85%E9%81%8A/HCOM_1050%20x%20630.jpg
國泰世華,信用卡優惠,國泰世華信用卡 & Trip.com年度卡友優惠｜國泰世華信用卡優惠活動,https://www.cathay-cube.com.tw/content/cub-aem-cs/zh-tw/cathaybk/personal/event/overview/credit-card/travel/202601/Tripcom.html,https://www.cathay-cube.com.tw/content/dam/cub-aem-cs/Image/Personal/overview/credit-card/%E5%9C%8B%E5%85%A7%E5%A4%96%E6%97%85%E9%81%8A/2026_Trip%E5%B0%81%E9%9D%A2%E5%9C%96%E7%89%87.jpg
國泰世華,信用卡優惠,國泰世華信用卡 & AsiaYo 年度卡友優惠(限App)｜國泰世華信用卡優惠活動,https://www.cathay-cube.com.tw/content/cub-aem-cs/zh-tw/cathaybk/personal/event/overview/credit-card/travel/202601/AsiaYo.html,https://www.cathay-cube.com.tw/content/dam/cub-aem-cs/Image/Personal/overview/credit-card/%E5%9C%8B%E5%85%A7%E5%A4%96%E6%97%85%E9%81%8A/2026_AsiaYo%E5%B0%81%E9%9D%A2%E5%9C%96%E7%89%87%E4%BA%8C.jpg
國泰世華,信用卡優惠,國泰世華信用卡 & 東南旅行社專屬優惠｜國泰世華信用卡優惠活動,https://www.cathay-cube.com.tw/content/cub-aem-cs/zh-tw/cathaybk/personal/event/overview/credit-card/travel/202601/Settour.html,https://www.cathay-cube.com.tw/content/dam/cub-aem-cs/Image/Personal/overview/credit-card/%E5%9C%8B%E5%85%A7%E5%A4%96%E6%97%85%E9%81%8A/2026_%E6%9D%B1%E5%8D%97%E5%B0%81%E9%9D%A2%E5%9C%96%E7%89%87.jpg
國泰世華,信用卡優惠,國泰世華卡 & 雄獅旅遊專屬優惠｜國泰世華卡優惠活動,https://www.cathay-cube.com.tw/content/cub-aem-cs/zh-tw/cathaybk/personal/event/overview/credit-card/travel/202601/Liontravel2026.html,https://www.cathay-cube.com.tw/content/dam/cub-aem-cs/Image/Personal/overview/credit-card/%E5%9C%8B%E5%85%A7%E5%A4%96%E6%97%85%E9%81%8A/%E9%9B%84%E7%8D%85_%E9%9F%93%E5%9C%8B%E6%AB%BB%E8%8A%B1.jpg
國泰世華,信用卡優惠,CUBE 信用卡 & Agoda 專屬優惠｜國泰世華信用卡優惠活動,https://www.cathay-cube.com.tw/content/cub-aem-cs/zh-tw/cathaybk/personal/event/overview/credit-card/travel/202601/Agoda2026.html,https://www.cathay-cube.com.tw/content/dam/cub-aem-cs/Image/Personal/overview/credit-card/%E5%9C%8B%E5%85%A7%E5%A4%96%E6%97%85%E9%81%8A/2026_Agoda%E5%B0%81%E9%9D%A2%E5%9C%96%E7%89%87.jpg
國泰世華,信用卡優惠,國泰世華信用卡 & Klook 全站商品天天 95 折｜國泰世華信用卡優惠活動,https://www.cathay-cube.com.tw/content/cub-aem-cs/zh-tw/cathaybk/personal/event/overview/credit-card/travel/202601/Klook2026.html,https://www.cathay-cube.com.tw/content/dam/cub-aem-cs/Image/Personal/overview/credit-card/%E5%9C%8B%E5%85%A7%E5%A4%96%E6%97%85%E9%81%8A/%E3%80%90CUBE%E3%80%91Klook2026%E5%B9%B4%E5%BA%A6%E5%84%AA%E6%83%A0_1050x630_01.png
國泰世華,信用卡優惠,"雲朗觀光集團官網訂房享93折
指定餐廳95折",https://www.cathay-cube.com.tw/content/cub-aem-cs/zh-tw/cathaybk/personal/event/overview/credit-card/travel/202601/LDC.html,https://www.cathay-cube.com.tw/content/dam/cub-aem-cs/Image/Personal/overview/credit-card/%E9%A4%90%E9%A3%B2%E5%84%AA%E6%83%A0/%E9%9B%B2%E5%93%81-932%E6%B9%96%E6%99%AF%E6%88%BF.jpg
國泰世華,信用卡優惠,恐龍大復活 關渡探險樂園｜CUBE卡友禮遇,https://www.cathay-cube.com.tw/content/cub-aem-cs/zh-tw/cathaybk/personal/event/overview/credit-card/travel/202601/2026dinosaur.html,https://www.cathay-cube.com.tw/content/dam/cub-aem-cs/Image/Personal/overview/credit-card/%E5%88%86%E7%9C%BE%E6%B4%BB%E5%8B%95/%E6%81%90%E9%BE%8D%E5%A4%A7%E5%BE%A9%E6%B4%BB.jpg
國泰世華,信用卡優惠,【童樂匯爸媽專屬】安納塔拉度假會禮遇,https://www.cathay-cube.com.tw/content/cub-aem-cs/zh-tw/cathaybk/personal/event/overview/credit-card/travel/202601/2026Anantara_kids.html,https://www.cathay-cube.com.tw/content/dam/cub-aem-cs/Image/Personal/overview/credit-card/%E9%A4%90%E9%A3%B2%E5%84%AA%E6%83%A0/2026KhaoLak.jpeg
國泰世華,信用卡優惠,刷卡繳稅享優惠,https://www.cathay-cube.com.tw/content/cub-aem-cs/zh-tw/cathaybk/personal/event/overview/credit-card/payment/2024/billpayment-tax-111.html,https://www.cathay-cube.com.tw/content/dam/cub-aem-cs/Image/Personal/overview/credit-card/payment/1050x630_5.jpg
國泰世華,信用卡優惠,eTag自動儲值/eTag智慧停車服務,https://www.cathay-cube.com.tw/content/cub-aem-cs/zh-tw/cathaybk/personal/event/overview/credit-card/payment/2025/eparking.html,https://www.cathay-cube.com.tw/content/dam/cub-aem-cs/Image/Personal/overview/credit-card/payment/20230131_1.png
國泰世華,信用卡優惠,國泰優惠CUBE Rewards App兌換票券/商品,https://www.cathay-cube.com.tw/content/cub-aem-cs/zh-tw/cathaybk/personal/event/overview/credit-card/bonus/202405/_app_.html,https://www.cathay-cube.com.tw/content/dam/cub-aem-cs/Image/Personal/overview/credit-card/bonus/2.jpg
國泰世華,信用卡優惠,"小樹點(信用卡)抵停車費
最經濟的消費體驗",https://www.cathay-cube.com.tw/content/cub-aem-cs/zh-tw/cathaybk/personal/event/overview/credit-card/bonus/product/parkingfee.html,https://www.cathay-cube.com.tw/content/dam/cub-aem-cs/Image/Personal/overview/credit-card/bonus/bonus_parking_KV.jpg
國泰世華,信用卡優惠,小樹點(信用卡)折抵申購基金手續費 最靈活的點數應用,https://www.cathay-cube.com.tw/content/cub-aem-cs/zh-tw/cathaybk/personal/event/overview/credit-card/bonus/product/pointforfundfee.html,https://www.cathay-cube.com.tw/content/dam/cub-aem-cs/Image/Personal/overview/credit-card/bonus/1.jpg
國泰世華,信用卡優惠,點數兌換U.First全球貴賓室,https://www.cathay-cube.com.tw/content/cub-aem-cs/zh-tw/cathaybk/personal/event/overview/credit-card/bonus/product/viproom.html,https://www.cathay-cube.com.tw/content/dam/cub-aem-cs/Image/Personal/overview/credit-card/bonus/vipclearance_1050X630.jpg
國泰世華,信用卡優惠,點數轉換航空里程/飯店積分好優惠,https://www.cathay-cube.com.tw/content/cub-aem-cs/zh-tw/cathaybk/personal/event/overview/credit-card/bonus/point-exchange/airmiles.html,https://www.cathay-cube.com.tw/content/dam/cub-aem-cs/Image/Personal/overview/credit-card/bonus/%E9%BB%9E%E6%95%B8%E5%85%8C%E6%8F%9B%E9%87%8C%E7%A8%8B_%E5%AE%98%E7%B6%B2KV1050x630.png
國泰世華,信用卡優惠,小樹點(信用卡)兌換台灣高鐵會員TGo點數,https://www.cathay-cube.com.tw/content/cub-aem-cs/zh-tw/cathaybk/personal/event/overview/credit-card/bonus/point-exchange/tgopoint.html,https://www.cathay-cube.com.tw/content/dam/cub-aem-cs/Image/Personal/overview/credit-card/bonus/%E9%AB%98%E9%90%B5TGo_1050x630.jpg
國泰世華,信用卡優惠,小樹點(信用卡)累積辦法,https://www.cathay-cube.com.tw/content/cub-aem-cs/zh-tw/cathaybk/personal/event/overview/credit-card/bonus/rule/conditions.html,https://www.cathay-cube.com.tw/content/dam/cub-aem-cs/Image/Personal/overview/credit-card/bonus/conditions_kv.jpg
國泰世華,信用卡優惠,"小樹點(信用卡)及
小樹點(生活)FAQ",https://www.cathay-cube.com.tw/content/cub-aem-cs/zh-tw/cathaybk/personal/event/overview/credit-card/bonus/rule/faq.html,https://www.cathay-cube.com.tw/content/dam/cub-aem-cs/Image/Personal/overview/credit-card/bonus/bonusFAQ_KV.jpg
國泰世華,信用卡優惠,小樹點(信用卡) 指定商戶折抵,https://www.cathay-cube.com.tw/content/cub-aem-cs/zh-tw/cathaybk/personal/event/overview/credit-card/bonus/rule/redemption.html,https://www.cathay-cube.com.tw/content/dam/cub-aem-cs/Image/Personal/overview/credit-card/bonus/redemption_KV.jpg
國泰世華,信用卡優惠,"亞洲萬里通聯名世界卡，
享「巧虎夢想樂園」門票7折起優惠！",https://www.cathay-cube.com.tw/content/cub-aem-cs/zh-tw/cathaybk/personal/event/overview/credit-card/travel/202509/chiaohu.html,https://www.cathay-cube.com.tw/content/dam/cub-aem-cs/Image/Personal/overview/credit-card/%E5%9C%8B%E5%85%A7%E5%A4%96%E6%97%85%E9%81%8A/01_AM%E5%8D%A1/tiger%201050X630.jpg
國泰世華,信用卡優惠,"長榮航空極致無限卡，
享「巧虎夢想樂園」門票7折起優惠！",https://www.cathay-cube.com.tw/content/cub-aem-cs/zh-tw/cathaybk/personal/event/overview/credit-card/travel/202509/evachiaohu.html,https://www.cathay-cube.com.tw/content/dam/cub-aem-cs/Image/Personal/overview/credit-card/%E5%9C%8B%E5%85%A7%E5%A4%96%E6%97%85%E9%81%8A/chaiohu_1050x630.jpg
國泰世華,信用卡優惠,代扣繳服務,https://www.cathay-cube.com.tw/content/cub-aem-cs/zh-tw/cathaybk/personal/event/overview/credit-card/payment/2024/billpayment-04.html,https://www.cathay-cube.com.tw/content/dam/cub-aem-cs/Image/Personal/overview/credit-card/payment/Payment_04.jpg
國泰世華,信用卡優惠,"愛地球
從申辦電子帳單開始",https://www.cathay-cube.com.tw/content/cub-aem-cs/zh-tw/cathaybk/personal/event/overview/credit-card/payment/2024/billpaymentq2.html,https://www.cathay-cube.com.tw/content/dam/cub-aem-cs/Image/Personal/overview/credit-card/payment/1050x630.jpg
國泰世華,信用卡優惠,【權益套餐-快閃套餐】蔡健雅 除此之外 Into The B-Sides 另一面的蔡健雅 雙人互動套票,https://www.cathay-cube.com.tw/content/cub-aem-cs/zh-tw/cathaybk/personal/event/overview/credit-card/bonus/202607/TANYA-VIP.html,https://www.cathay-cube.com.tw/content/dam/cub-aem-cs/Image/Personal/overview/credit-card/entertainment/%E8%94%A1%E5%81%A5%E9%9B%85%E9%AB%98%E9%9B%84.jpg
國泰世華,信用卡優惠,"CUBE Level 3 專屬
CUBE 權益套餐",https://www.cathay-cube.com.tw/content/cub-aem-cs/zh-tw/cathaybk/personal/event/overview/credit-card/bonus/202607/cube_benefits.html,https://www.cathay-cube.com.tw/content/dam/cub-aem-cs/Image/Personal/overview/credit-card/bonus/AEM_CUBE_Benefits_1050x630.jpg
國泰世華,信用卡優惠,繳費平台,https://www.cathay-cube.com.tw/content/cub-aem-cs/zh-tw/cathaybk/personal/event/overview/credit-card/payment/2024/billpayment-04-2.html,https://www.cathay-cube.com.tw/content/dam/cub-aem-cs/Image/Personal/overview/credit-card/payment/1050x630_2.jpg
國泰世華,信用卡優惠,樹享券,https://www.cathaybk.com.tw/cathaybk/promo/event/credit-card/product/treecoupon/index.html,https://www.cathay-cube.com.tw/content/dam/cub-aem-cs/Image/Personal/overview/credit-card/%E7%B6%B2%E8%B3%BCapp/%E6%A8%B9%E4%BA%AB%E5%88%B8.png
國泰世華,信用卡優惠,國泰世華ATM完成指定任務限量享好康,https://www.cathaybk.com.tw/cathaybk/personal/campaigns/ebanking/atm_Hi-Life,https://www.cathay-cube.com.tw/content/dam/cub-aem-cs/Image/Personal/overview/%E6%95%B8%E4%BD%8D%E6%9C%8D%E5%8B%99/atm_Hi-Life_KV.jpg
國泰世華,信用卡優惠,萊爾富首綁送萬點，交易再送Hi點,https://www.cathaybk.com.tw/cathaybk/personal/campaigns/atm/hiatm/,https://www.cathay-cube.com.tw/content/dam/cub-aem-cs/Image/Personal/overview/%E6%95%B8%E4%BD%8D%E6%9C%8D%E5%8B%99/HiATM20251H_1050x630.jpg
國泰世華,信用卡優惠,首綁證券交割享優利活期存款,https://www.cathaybk.com.tw/cathaybk/personal/campaigns/ebanking/secmission,https://www.cathay-cube.com.tw/content/dam/cub-aem-cs/Image/Personal/overview/%E5%AD%98%E6%AC%BE/secmission_KV.jpg
國泰世華,信用卡優惠,【年輕人專屬】CUBE 好友大募集適用對象 : 限18~25歲(含)用戶,https://www.cathaybk.com.tw/cathaybk/personal/campaigns/ebanking/youthdepositmgm,https://www.cathay-cube.com.tw/content/dam/cub-aem-cs/Image/Personal/overview/%E5%AD%98%E6%AC%BE/YouthdepositMGM_KV.jpg
國泰世華,信用卡優惠,泰幸福信用貸款,https://www.cathaybk.com.tw/cathaybk/promo/event/loan/product/personalloan/index.html,https://www.cathay-cube.com.tw/content/dam/cub-aem-cs/Image/Personal/overview/%E8%B2%B8%E6%AC%BE/220728_BN_2-.jpg
國泰世華,信用卡優惠,你優職，我優貸,https://www.cathaybk.com.tw/cathaybk/promo/event/loan/product/AJOB_PJ/index.html,https://www.cathay-cube.com.tw/content/dam/cub-aem-cs/Image/Personal/overview/%E8%B2%B8%E6%AC%BE/AJOB_PJ_KV.jpg
國泰世華,信用卡優惠,限時完成兩項任務最高拿50點小樹點(生活),https://www.cathaybk.com.tw/cathaybk/promo/event/ebanking/kyc-campaign/index.html,https://www.cathay-cube.com.tw/content/dam/cub-aem-cs/Image/Personal/overview/%E6%8A%95%E8%B3%87/kyc-campaign.jpg
國泰世華,信用卡優惠,好投資救地球！,https://www.cathaybk.com.tw/cathaybk/promo/event/investment/ESG/index.html,https://www.cathay-cube.com.tw/content/dam/cub-aem-cs/Image/Personal/overview/%E6%95%B8%E4%BD%8D%E6%9C%8D%E5%8B%99/ESG10_1050_630.jpg
國泰世華,信用卡優惠,新戶限定！基金手續費0元,https://www.cathaybk.com.tw/cathaybk/personal/campaigns/ebanking/newacfund0,https://www.cathay-cube.com.tw/content/dam/cub-aem-cs/Image/Personal/overview/%E6%8A%95%E8%B3%87/newacfund0_new_1050x630.jpg
國泰世華,信用卡優惠,基金新朋友禮,https://www.cathaybk.com.tw/cathaybk/personal/campaigns/ebanking/newfundfriends,https://www.cathay-cube.com.tw/content/dam/cub-aem-cs/Image/Personal/overview/%E6%8A%95%E8%B3%87/newfriends_new_1050x630.jpg
國泰世華,信用卡優惠,讓投資 變 ∙ 簡 ∙ 單1對1免費專業人員諮詢,https://www.cathay-cube.com.tw/content/cub-aem-cs/zh-tw/cathaybk/personal/event/overview/Invest/All/2026/roboconsult.html,https://www.cathay-cube.com.tw/content/dam/cub-aem-cs/Image/Personal/overview/%E6%8A%95%E8%B3%87/roboconsult_KV.jpg
國泰世華,信用卡優惠,智能投資基金全平台終身 0 管理費,https://www.cathayrobo.com/welcome/activity/2024gbi,https://www.cathay-cube.com.tw/content/dam/cub-aem-cs/Image/Personal/overview/%E6%8A%95%E8%B3%87/1201robo_1050X630.jpg
國泰世華,信用卡優惠,青年專屬跨轉權益適用對象 : 限25歲(含)以下用戶,https://www.cathay-cube.com.tw/content/cub-aem-cs/zh-tw/cathaybk/personal/event/overview/Deposit/All/2026/youth.html,https://www.cathay-cube.com.tw/content/dam/cub-aem-cs/Image/Personal/overview/%E5%AD%98%E6%AC%BE/2026youth_KV.jpg
國泰世華,信用卡優惠,寶貝理財 爸媽童樂,https://www.cathay-cube.com.tw/content/cub-aem-cs/zh-tw/cathaybk/personal/event/overview/Deposit/All/2026/babyevent2026q3.html,https://www.cathay-cube.com.tw/content/dam/cub-aem-cs/Image/Personal/overview/%E5%AD%98%E6%AC%BE/%E5%AF%B6%E8%B2%9D%E7%90%86%E8%B2%A1%20%E7%88%B8%E5%AA%BD%E7%AB%A5%E6%A8%82_v2.jpg
國泰世華,信用卡優惠,帳戶新戶連結全支付享回饋,https://www.cathay-cube.com.tw/content/cub-aem-cs/zh-tw/cathaybk/personal/event/overview/Deposit/All/2024/pxpay_202411_newaccount.html,https://www.cathay-cube.com.tw/content/dam/cub-aem-cs/Image/Personal/overview/%E5%AD%98%E6%AC%BE/pxpay_202411_newaccount.jpg
國泰世華,信用卡優惠,全支付日韓跨境消費享回饋,https://www.cathay-cube.com.tw/content/cub-aem-cs/zh-tw/cathaybk/personal/event/overview/Deposit/All/2026/PXPayPlus_Y26Q1_ACL_Campaign_Japan_Korea.html,https://www.cathay-cube.com.tw/content/dam/cub-aem-cs/Image/Personal/overview/%E5%AD%98%E6%AC%BE/PXPayPlus_Test_1050x630_202410.jpg
國泰世華,信用卡優惠,全支付指定通路消費享回饋,https://www.cathay-cube.com.tw/content/cub-aem-cs/zh-tw/cathaybk/personal/event/overview/Deposit/All/2026/PXPayPlus_Y26Q1_ACL_Campaign.html,https://www.cathay-cube.com.tw/content/dam/cub-aem-cs/Image/Personal/overview/%E5%AD%98%E6%AC%BE/pxpayplus_1050x630_202307.jpg
國泰世華,信用卡優惠,線上投保超匯省,https://www.cathaybk.com.tw/cathaybk/promo/event/insurance/product/bank-insurance-discount/index.html,https://www.cathay-cube.com.tw/content/dam/cub-aem-cs/Image/Personal/overview/%E4%BF%9D%E9%9A%AA/bank-insurance-discount.jpg
聯邦銀行,強打優惠,聯邦陪您輕鬆玩世界,https://activity.ubot.com.tw/aws_act/2026/202607travel/index.htm,https://activity.ubot.com.tw/App_Themes/ImgAdv/260623Reward2e88b500.jpg
聯邦銀行,強打優惠,全家便利商店,https://activity.ubot.com.tw/aws_act/2026/20260821familymart/index.htm,https://activity.ubot.com.tw/App_Themes/ImgAdv/260820Reward307cfeda.jpg
聯邦銀行,強打優惠,學費分期０利率,https://activity.ubot.com.tw/aws_act/2026/202607school/index.htm,https://activity.ubot.com.tw/App_Themes/ImgAdv/260615Reward26423760.jpg
聯邦銀行,強打優惠,iPASS MONEY,https://activity.ubot.com.tw/aws_act/2026/2026ipassmoneybill/index.htm,https://activity.ubot.com.tw/App_Themes/ImgAdv/260623Reward66899f2b.jpg
聯邦銀行,強打優惠,精選特店分期享回饋,https://activity.ubot.com.tw/aws_act/2026/202607storeinstallment/index.htm,https://activity.ubot.com.tw/App_Themes/ImgAdv/260629Reward9e25cedd.jpg
聯邦銀行,強打優惠,MyJapan+ APP,https://activity.ubot.com.tw/aws_act/2026/2026jcb/myjapan/index.htm,https://activity.ubot.com.tw/App_Themes/ImgAdv/260715Reward2cfdae77.jpg
聯邦銀行,強打優惠,愛買中元節,https://activity.ubot.com.tw/aws_act/2026/20260807market/index.htm?p=p4,https://activity.ubot.com.tw/App_Themes/ImgAdv/260728Reward164d8ec6.jpg
聯邦銀行,強打優惠,全國電子,https://activity.ubot.com.tw/aws_act/2026/202607elife/index.htm,https://activity.ubot.com.tw/App_Themes/ImgAdv/260630Reward3e740036.jpg
聯邦銀行,強打優惠,吉鶴卡日本旅遊最高11%,https://activity.ubot.com.tw/2026JiHoCard/index.htm,https://activity.ubot.com.tw/App_Themes/ImgAdv/260624Reward1f1cbb7a.jpg
聯邦銀行,強打優惠,聯邦陪您輕鬆玩世界航空、飯店、精選旅行社/旅遊及訂房網站滿額拿９５００元刷卡金2026/07/01-2026/09/30,https://activity.ubot.com.tw/aws_act/2026/202607travel/index.htm,https://activity.ubot.com.tw/App_Themes/ImgAdv/260623Reward2e88b500.jpg
聯邦銀行,強打優惠,"全家便利商店刷聯邦卡滿額贈10,000 Fa點2026/08/21-2026/08/27",https://activity.ubot.com.tw/aws_act/2026/20260821familymart/index.htm,https://activity.ubot.com.tw/App_Themes/ImgAdv/260820Reward307cfeda.jpg
聯邦銀行,強打優惠,學費分期０利率繳學費刷聯邦免手續費，登錄享最高６期０利率、紅利折抵100%2026/07/01-2026/10/31,https://activity.ubot.com.tw/aws_act/2026/202607school/index.htm,https://activity.ubot.com.tw/App_Themes/ImgAdv/260615Reward26423760.jpg
聯邦銀行,強打優惠,iPASS MONEY繳信用卡費月月享1%回饋2026/06/17-2026/12/31,https://activity.ubot.com.tw/aws_act/2026/2026ipassmoneybill/index.htm,https://activity.ubot.com.tw/App_Themes/ImgAdv/260623Reward66899f2b.jpg
聯邦銀行,強打優惠,精選特店分期享回饋精選特店分期０利率，滿額再享最高３６００元刷卡金！2026/07/01-2026/12/31,https://activity.ubot.com.tw/aws_act/2026/202607storeinstallment/index.htm,https://activity.ubot.com.tw/App_Themes/ImgAdv/260629Reward9e25cedd.jpg
聯邦銀行,強打優惠,MyJapan+ APP刷聯邦JCB日本實體店最高10%回饋！2026/07/01-2026/09/30,https://activity.ubot.com.tw/aws_act/2026/2026jcb/myjapan/index.htm,https://activity.ubot.com.tw/App_Themes/ImgAdv/260715Reward2cfdae77.jpg
聯邦銀行,強打優惠,愛買中元節刷聯邦卡天天最高贈500元2026/08/07-2026/09/01,https://activity.ubot.com.tw/aws_act/2026/20260807market/index.htm?p=p4,https://activity.ubot.com.tw/App_Themes/ImgAdv/260728Reward164d8ec6.jpg
聯邦銀行,強打優惠,"全國電子刷聯邦分期滿額最高贈3,000元2026/07/01-2026/12/31",https://activity.ubot.com.tw/aws_act/2026/202607elife/index.htm,https://activity.ubot.com.tw/App_Themes/ImgAdv/260630Reward3e740036.jpg
聯邦銀行,強打優惠,吉鶴卡日本旅遊最高11%日本交通卡最高1.5%，11大熱門商店享加碼優惠！2026/06/24-2026/12/31,https://activity.ubot.com.tw/2026JiHoCard/index.htm,https://activity.ubot.com.tw/App_Themes/ImgAdv/260624Reward1f1cbb7a.jpg
聯邦銀行,強打優惠,百貨樂一夏,https://activity.ubot.com.tw/aws_act/2026/202607departmentstoreall/index.htm,https://activity.ubot.com.tw/App_Themes/ImgAdv/260811Reward9670d8de.jpg
聯邦銀行,強打優惠,New New Bank,https://newnewbank.com.tw/autopaycreditcardbill.htm?openExternalBrowser=1,https://activity.ubot.com.tw/App_Themes/ImgAdv/260625Rewardacf6ebf6.jpg
聯邦銀行,強打優惠,紅利換加密貨幣,https://activity.ubot.com.tw/aws_act/2025/2025MaiCoin/index.htm,https://activity.ubot.com.tw/App_Themes/ImgAdv/251028Reward10b745e7.jpg
聯邦銀行,強打優惠,台灣虎航,https://activity.ubot.com.tw/aws_act/2026/202602tigerairtw/index.htm,https://activity.ubot.com.tw/App_Themes/ImgAdv/260226Rewardf91869b2.jpg
聯邦銀行,強打優惠,聯邦M卡,https://activity.ubot.com.tw/2026Mcard/index.htm,https://activity.ubot.com.tw/App_Themes/ImgAdv/260106Rewarde5b340a3.jpg
聯邦銀行,強打優惠,2026年聯邦飯店優惠,https://card.ubot.com.tw/eCard/activity/2026hotel/index.aspx,https://activity.ubot.com.tw/App_Themes/ImgAdv/251226Reward0952f21c.jpg
聯邦銀行,強打優惠,百貨樂一夏刷聯邦分期０利率，滿額再送好禮！2026/08/10-2026/08/31,https://activity.ubot.com.tw/aws_act/2026/202607departmentstoreall/index.htm,https://activity.ubot.com.tw/App_Themes/ImgAdv/260811Reward9670d8de.jpg
聯邦銀行,強打優惠,New New Bank新戶自動扣繳聯邦信用卡款享10%回饋2026/01/01-2026/12/31,https://newnewbank.com.tw/autopaycreditcardbill.htm?openExternalBrowser=1,https://activity.ubot.com.tw/App_Themes/ImgAdv/260625Rewardacf6ebf6.jpg
聯邦銀行,強打優惠,紅利換加密貨幣聯邦紅利點數換加密貨幣序號，再加碼送新戶禮！2025/11/03-2026/12/31,https://activity.ubot.com.tw/aws_act/2025/2025MaiCoin/index.htm,https://activity.ubot.com.tw/App_Themes/ImgAdv/251028Reward10b745e7.jpg
聯邦銀行,強打優惠,台灣虎航刷聯邦卡購買台灣虎航全航線來回機票享最優９５折優惠2026/03/02-2026/08/31,https://activity.ubot.com.tw/aws_act/2026/202602tigerairtw/index.htm,https://activity.ubot.com.tw/App_Themes/ImgAdv/260226Rewardf91869b2.jpg
聯邦銀行,強打優惠,聯邦M卡聯邦M卡海外實體商店3%無上限2026/01/01-2026/12/31,https://activity.ubot.com.tw/2026Mcard/index.htm,https://activity.ubot.com.tw/App_Themes/ImgAdv/260106Rewarde5b340a3.jpg
聯邦銀行,強打優惠,2026年聯邦飯店優惠精選國內飯店，聯邦卡友尊享入住禮遇2026/01/01-2026/12/31,https://card.ubot.com.tw/eCard/activity/2026hotel/index.aspx,https://activity.ubot.com.tw/App_Themes/ImgAdv/251226Reward0952f21c.jpg
聯邦銀行,卡片優惠,聯邦M世界卡 透見不凡指定通路最高享11%回饋2026/04/10-2026/12/31,https://activity.ubot.com.tw/MWorldcard/index.htm,https://activity.ubot.com.tw/App_Themes/ImgAdv/260417Reward00eb1657.jpg
聯邦銀行,卡片優惠,MaiCoin聯名卡日常消費，自由轉換加密貨幣，最高4.5%2026/04/22-2027/04/30,https://activity.ubot.com.tw/2026MaiCoinCard/index.htm,https://activity.ubot.com.tw/App_Themes/ImgAdv/260421Reward0c373987.jpg
聯邦銀行,卡片優惠,聯邦賴點卡吉伊卡哇版可愛登場！國內最高11%/國外3%無上限2026/07/01-2026/09/30,https://activity.ubot.com.tw/2026LaiDianCard/index.htm,https://activity.ubot.com.tw/App_Themes/ImgAdv/260701Reward6777f73b.jpg
聯邦銀行,卡片優惠,聯邦綠卡綠色消費最高6%，生活繳費最高1%2026/06/26-2026/12/31,https://activity.ubot.com.tw/2026GreenCard/index.htm,https://activity.ubot.com.tw/App_Themes/ImgAdv/260626Rewardf76fd39b.jpg
聯邦銀行,卡片優惠,大立大樂聯名卡首刷禮大立、大樂一卡通聯名卡首刷滿額贈優質好禮！2026/07/01-2026/12/31,https://activity.ubot.com.tw/aws_act/2026/2026ipass/index.htm,https://activity.ubot.com.tw/App_Themes/ImgAdv/260630Reward30d692c7.jpg
聯邦銀行,卡片優惠,農金卡新戶首刷禮農金卡新戶首刷滿額享超值首刷好禮！2025/12/31-2026/12/31,https://activity.ubot.com.tw/aws_act/2026/2026agribank/index.htm,https://activity.ubot.com.tw/App_Themes/ImgAdv/240205Reward809ef2e6.jpg
聯邦銀行,卡片優惠,2026聯邦世界卡聯邦世界卡，遨遊世界便利通行！2025/12/31-2026/12/31,https://activity.ubot.com.tw/aws_act/2026/ubworld/index.htm,https://activity.ubot.com.tw/App_Themes/ImgAdv/240205Reward19fe85a0.jpg
聯邦銀行,卡片優惠,聯邦M世界卡 透見不凡,https://activity.ubot.com.tw/MWorldcard/index.htm,https://activity.ubot.com.tw/App_Themes/ImgAdv/260417Reward00eb1657.jpg
聯邦銀行,卡片優惠,MaiCoin聯名卡,https://activity.ubot.com.tw/2026MaiCoinCard/index.htm,https://activity.ubot.com.tw/App_Themes/ImgAdv/260421Reward0c373987.jpg
聯邦銀行,卡片優惠,聯邦賴點卡吉伊卡哇版,https://activity.ubot.com.tw/2026LaiDianCard/index.htm,https://activity.ubot.com.tw/App_Themes/ImgAdv/260701Reward6777f73b.jpg
聯邦銀行,卡片優惠,聯邦綠卡,https://activity.ubot.com.tw/2026GreenCard/index.htm,https://activity.ubot.com.tw/App_Themes/ImgAdv/260626Rewardf76fd39b.jpg
聯邦銀行,卡片優惠,大立大樂聯名卡首刷禮,https://activity.ubot.com.tw/aws_act/2026/2026ipass/index.htm,https://activity.ubot.com.tw/App_Themes/ImgAdv/260630Reward30d692c7.jpg
聯邦銀行,卡片優惠,農金卡新戶首刷禮,https://activity.ubot.com.tw/aws_act/2026/2026agribank/index.htm,https://activity.ubot.com.tw/App_Themes/ImgAdv/240205Reward809ef2e6.jpg
聯邦銀行,卡片優惠,2026聯邦世界卡,https://activity.ubot.com.tw/aws_act/2026/ubworld/index.htm,https://activity.ubot.com.tw/App_Themes/ImgAdv/240205Reward19fe85a0.jpg
聯邦銀行,卡片優惠,2026聯邦無限卡聯邦無限卡，百貨餐廳無限尊寵！2025/12/31-2026/12/31,https://activity.ubot.com.tw/aws_act/2026/ubinfinite/index.htm,https://activity.ubot.com.tw/App_Themes/ImgAdv/240205Rewardb8838f77.jpg
聯邦銀行,卡片優惠,順發３Ｃ首刷禮順發３Ｃ聯名卡新戶首刷滿額享熱門精選好禮！2026/07/01-2026/12/31,https://activity.ubot.com.tw/aws_act/2026/2026sunfar/index.htm,https://activity.ubot.com.tw/App_Themes/ImgAdv/260630Reward780a6148.jpg
聯邦銀行,卡片優惠,2026聯邦無限卡,https://activity.ubot.com.tw/aws_act/2026/ubinfinite/index.htm,https://activity.ubot.com.tw/App_Themes/ImgAdv/240205Rewardb8838f77.jpg
聯邦銀行,卡片優惠,順發３Ｃ首刷禮,https://activity.ubot.com.tw/aws_act/2026/2026sunfar/index.htm,https://activity.ubot.com.tw/App_Themes/ImgAdv/260630Reward780a6148.jpg
聯邦銀行,百貨零售,萊爾富刷聯邦不限金額５%iPASS MONEY優惠升級~10%現折無上限！2026/07/01-2026/12/31,https://activity.ubot.com.tw/aws_act/2026/2026hilife/index.htm,https://activity.ubot.com.tw/App_Themes/ImgAdv/260701Reward96dd0b6b.jpg
聯邦銀行,百貨零售,萊爾富抽黃金送好禮萊爾富單筆滿199元，筆筆抽黃金再送翻牌好禮，再享現折無上限2026/07/22-2026/09/15,https://activity.ubot.com.tw/aws_act/2026/20260722hilife/index.htm,https://activity.ubot.com.tw/App_Themes/ImgAdv/260717Rewardb291aa42.jpg
聯邦銀行,百貨零售,全聯福利中心中元澎湃來全聯，週六、日刷聯邦滿額最高享１４％回饋！2026/08/07-2026/09/03,https://activity.ubot.com.tw/aws_act/2026/202608pxmart/index.htm,https://activity.ubot.com.tw/App_Themes/ImgAdv/260803Reward83fc0ebc.jpg
聯邦銀行,百貨零售,"大全聯中元節刷聯邦卡滿額最高贈1,000元2026/08/07-2026/09/03",https://activity.ubot.com.tw/aws_act/2026/20260807market/index.htm,https://activity.ubot.com.tw/App_Themes/ImgAdv/260728Reward69a39ed4.jpg
聯邦銀行,百貨零售,特力屋空調大方送馬年新氣象，特力屋空調刷聯邦大方送！  2026/02/26-2026/08/31,https://activity.ubot.com.tw/aws_act/2026/202602trplus/index.htm,https://activity.ubot.com.tw/App_Themes/ImgAdv/260203Reward40669489.jpg
聯邦銀行,百貨零售,美廉社、小北百貨最高８％美廉社、小北百貨刷聯邦卡滿額享最高８％回饋！2026/07/01-2026/12/31,https://activity.ubot.com.tw/aws_act/2026/202607supermarket/index.htm,https://activity.ubot.com.tw/App_Themes/ImgAdv/260623Reward7d9be33b.jpg
聯邦銀行,百貨零售,萊爾富刷聯邦不限金額５%,https://activity.ubot.com.tw/aws_act/2026/2026hilife/index.htm,https://activity.ubot.com.tw/App_Themes/ImgAdv/260701Reward96dd0b6b.jpg
聯邦銀行,百貨零售,萊爾富抽黃金送好禮,https://activity.ubot.com.tw/aws_act/2026/20260722hilife/index.htm,https://activity.ubot.com.tw/App_Themes/ImgAdv/260717Rewardb291aa42.jpg
聯邦銀行,百貨零售,全聯福利中心,https://activity.ubot.com.tw/aws_act/2026/202608pxmart/index.htm,https://activity.ubot.com.tw/App_Themes/ImgAdv/260803Reward83fc0ebc.jpg
聯邦銀行,百貨零售,大全聯中元節,https://activity.ubot.com.tw/aws_act/2026/20260807market/index.htm,https://activity.ubot.com.tw/App_Themes/ImgAdv/260728Reward69a39ed4.jpg
聯邦銀行,百貨零售,特力屋空調大方送,https://activity.ubot.com.tw/aws_act/2026/202602trplus/index.htm,https://activity.ubot.com.tw/App_Themes/ImgAdv/260203Reward40669489.jpg
聯邦銀行,百貨零售,美廉社、小北百貨最高８％,https://activity.ubot.com.tw/aws_act/2026/202607supermarket/index.htm,https://activity.ubot.com.tw/App_Themes/ImgAdv/260623Reward7d9be33b.jpg
聯邦銀行,百貨零售,昇恆昌免稅購物第一站昇恆昌刷聯邦卡，每滿1萬元最贈200元刷卡金！2026/07/01-2026/09/30,https://activity.ubot.com.tw/aws_act/2026/2026q3everrich/index.htm,https://activity.ubot.com.tw/App_Themes/ImgAdv/260625Reward4a0bf659.jpg
聯邦銀行,百貨零售,康是美刷聯邦滿額最高贈200元現金折價券2026/07/01-2026/12/31,https://activity.ubot.com.tw/aws_act/2026/202607drugstore/index.htm?p=cosmed,https://activity.ubot.com.tw/App_Themes/ImgAdv/260626Rewarde39166ab.jpg
聯邦銀行,百貨零售,屈臣氏刷聯邦最高享10%回饋2026/07/01-2026/12/31,https://activity.ubot.com.tw/aws_act/2026/202607drugstore/index.htm,https://activity.ubot.com.tw/App_Themes/ImgAdv/260626Reward5f5e64e7.jpg
聯邦銀行,百貨零售,昇恆昌免稅購物第一站,https://activity.ubot.com.tw/aws_act/2026/2026q3everrich/index.htm,https://activity.ubot.com.tw/App_Themes/ImgAdv/260625Reward4a0bf659.jpg
聯邦銀行,百貨零售,康是美,https://activity.ubot.com.tw/aws_act/2026/202607drugstore/index.htm?p=cosmed,https://activity.ubot.com.tw/App_Themes/ImgAdv/260626Rewarde39166ab.jpg
聯邦銀行,百貨零售,屈臣氏,https://activity.ubot.com.tw/aws_act/2026/202607drugstore/index.htm,https://activity.ubot.com.tw/App_Themes/ImgAdv/260626Reward5f5e64e7.jpg
聯邦銀行,旅遊優惠,海外實體消費優惠層層加碼聯邦指定卡別於指定國家實體店家消費滿額，登錄享超高回饋2026/07/01-2026/12/31,https://activity.ubot.com.tw/aws_act/2026/20260607overseas/index.htm,https://activity.ubot.com.tw/App_Themes/ImgAdv/260630Reward6fa5d217.jpg
聯邦銀行,旅遊優惠,聯邦ｘ肯驛旅遊商城肯驛旅遊商城刷聯邦卡機票、訂房、機接、機場貴賓室享專屬優惠！2026/08/13-2026/12/31,https://activity.ubot.com.tw/aws_act/2026/2026ubcanlead/index.htm,https://activity.ubot.com.tw/App_Themes/ImgAdv/260813Rewardaf971cda.jpg
聯邦銀行,旅遊優惠,台灣虎航限時4天快閃聯邦卡友專屬台灣虎航限時4天快閃最優８８折！2026/08/21-2026/08/28,https://activity.ubot.com.tw/aws_act/2026/202608tigerairtw/index.htm,https://activity.ubot.com.tw/App_Themes/ImgAdv/260821Rewardd2eb694a.jpg
聯邦銀行,旅遊優惠,Trip.com刷聯邦JCB卡訂房享最高14%、機票最高10%現折優惠  2026/05/15-2026/12/31,https://activity.ubot.com.tw/aws_act/2026/202605jcb_trip/index.htm,https://activity.ubot.com.tw/App_Themes/ImgAdv/260611Reward7ee7140f.jpg
聯邦銀行,旅遊優惠,AgodaAgoda訂房刷聯邦卡最優享現折１２％2026/04/01-2026/12/31,https://activity.ubot.com.tw/aws_act/2026/2026agoda/index.htm,https://activity.ubot.com.tw/App_Themes/ImgAdv/250625Reward5a7551fa.jpg
聯邦銀行,旅遊優惠,KlookKlook全球交通／體驗８５折起，刷聯邦卡最高享２１％回饋2026/07/01-2026/12/31,https://activity.ubot.com.tw/aws_act/2026/202607klook/index.htm,https://activity.ubot.com.tw/App_Themes/ImgAdv/260629Reward6b1cfdab.jpg
聯邦銀行,旅遊優惠,Trip.com刷聯邦Visa卡訂房最高８％、機票最高３％折扣！  2025/05/01-2026/12/31,https://activity.ubot.com.tw/aws_act/2025/2025visa_offers/tripcom07/index.htm,https://activity.ubot.com.tw/App_Themes/ImgAdv/251016Reward0903ea79.jpg
聯邦銀行,旅遊優惠,海外實體消費優惠層層加碼,https://activity.ubot.com.tw/aws_act/2026/20260607overseas/index.htm,https://activity.ubot.com.tw/App_Themes/ImgAdv/260630Reward6fa5d217.jpg
聯邦銀行,旅遊優惠,聯邦ｘ肯驛旅遊商城,https://activity.ubot.com.tw/aws_act/2026/2026ubcanlead/index.htm,https://activity.ubot.com.tw/App_Themes/ImgAdv/260813Rewardaf971cda.jpg
聯邦銀行,旅遊優惠,台灣虎航限時4天快閃,https://activity.ubot.com.tw/aws_act/2026/202608tigerairtw/index.htm,https://activity.ubot.com.tw/App_Themes/ImgAdv/260821Rewardd2eb694a.jpg
聯邦銀行,旅遊優惠,Trip.com,https://activity.ubot.com.tw/aws_act/2026/202605jcb_trip/index.htm,https://activity.ubot.com.tw/App_Themes/ImgAdv/260611Reward7ee7140f.jpg
聯邦銀行,旅遊優惠,Agoda,https://activity.ubot.com.tw/aws_act/2026/2026agoda/index.htm,https://activity.ubot.com.tw/App_Themes/ImgAdv/250625Reward5a7551fa.jpg
聯邦銀行,旅遊優惠,Klook,https://activity.ubot.com.tw/aws_act/2026/202607klook/index.htm,https://activity.ubot.com.tw/App_Themes/ImgAdv/260629Reward6b1cfdab.jpg
聯邦銀行,旅遊優惠,"Trip.com月底救星刷聯邦Visa卡機票飯店滿額現折1,000  2026/04/01-2026/09/30",https://activity.ubot.com.tw/aws_act/2026/2026visa_offers/tripcom/index.htm,https://activity.ubot.com.tw/App_Themes/ImgAdv/260429Rewarda37ea98e.jpg
聯邦銀行,旅遊優惠,台灣虎航台灣虎航刷聯邦JCB卡享最高9折及選位優惠2026/01/01-2026/12/31,https://activity.ubot.com.tw/aws_act/2026/2026jcb/tigerairtw/index.htm,https://activity.ubot.com.tw/App_Themes/ImgAdv/260113Reward7ff61406.jpg
聯邦銀行,旅遊優惠,ＫＫｄａｙ趣亞太ＫＫｄａｙ指定國家玩樂商品刷聯邦JCB卡享現折優惠！2026/01/01-2026/12/31,https://activity.ubot.com.tw/aws_act/2026/2026jcb/kkday/index.htm,https://activity.ubot.com.tw/App_Themes/ImgAdv/260113Reward1aa86d41.jpg
聯邦銀行,旅遊優惠,Booking.comBooking.com訂房刷聯邦Visa卡享最高７％旅遊點數2025/12/31-2026/12/31,https://activity.ubot.com.tw/aws_act/2026/2026visa_offers/bookingcom/index.htm,https://activity.ubot.com.tw/App_Themes/ImgAdv/260513Reward0630d7e3.jpg
聯邦銀行,旅遊優惠,Hotels.com刷聯邦JCB卡訂房享最高18%現折優惠 2026/05/01-2027/04/30,https://activity.ubot.com.tw/aws_act/2026/202605jcb_hotels/index.htm,https://activity.ubot.com.tw/App_Themes/ImgAdv/260608Reward35d29ebc.jpg
聯邦銀行,旅遊優惠,免費機場接送刷聯邦JCB卡滿額享免費機場接送2026/01/01-2026/12/31,https://activity.ubot.com.tw/aws_act/2026/2026jcb/airport/index.htm?,https://activity.ubot.com.tw/App_Themes/ImgAdv/260113Reward196c53cf.jpg
聯邦銀行,旅遊優惠,太平洋旅行社太平洋旅行社刷聯邦卡最高現折２０００元2026/01/01-2026/12/31,https://activity.ubot.com.tw/aws_act/2026/pac_group/index.htm,https://activity.ubot.com.tw/App_Themes/ImgAdv/251229Reward2d1a2c0a.jpg
聯邦銀行,旅遊優惠,"五福旅遊五福旅遊刷聯邦『泰國團體行程』尊享1,000元折抵優惠2026/07/01-2026/12/31",https://activity.ubot.com.tw/aws_act/2026/lifetour/index.htm,https://activity.ubot.com.tw/App_Themes/ImgAdv/260105Rewardd313c62a.jpg
聯邦銀行,旅遊優惠,Trip.com月底救星,https://activity.ubot.com.tw/aws_act/2026/2026visa_offers/tripcom/index.htm,https://activity.ubot.com.tw/App_Themes/ImgAdv/260429Rewarda37ea98e.jpg
聯邦銀行,旅遊優惠,ＫＫｄａｙ趣亞太,https://activity.ubot.com.tw/aws_act/2026/2026jcb/kkday/index.htm,https://activity.ubot.com.tw/App_Themes/ImgAdv/260113Reward1aa86d41.jpg
聯邦銀行,旅遊優惠,Booking.com,https://activity.ubot.com.tw/aws_act/2026/2026visa_offers/bookingcom/index.htm,https://activity.ubot.com.tw/App_Themes/ImgAdv/260513Reward0630d7e3.jpg
聯邦銀行,旅遊優惠,Hotels.com,https://activity.ubot.com.tw/aws_act/2026/202605jcb_hotels/index.htm,https://activity.ubot.com.tw/App_Themes/ImgAdv/260608Reward35d29ebc.jpg
聯邦銀行,旅遊優惠,免費機場接送,https://activity.ubot.com.tw/aws_act/2026/2026jcb/airport/index.htm?,https://activity.ubot.com.tw/App_Themes/ImgAdv/260113Reward196c53cf.jpg
聯邦銀行,旅遊優惠,太平洋旅行社,https://activity.ubot.com.tw/aws_act/2026/pac_group/index.htm,https://activity.ubot.com.tw/App_Themes/ImgAdv/251229Reward2d1a2c0a.jpg
聯邦銀行,旅遊優惠,五福旅遊,https://activity.ubot.com.tw/aws_act/2026/lifetour/index.htm,https://activity.ubot.com.tw/App_Themes/ImgAdv/260105Rewardd313c62a.jpg
聯邦銀行,旅遊優惠,AsiaoYOAsiaoYO刷聯邦卡訂房滿額最高現折８００元2026/01/01-2026/12/31,https://activity.ubot.com.tw/aws_act/2026/2026asiayo/index.htm,https://activity.ubot.com.tw/App_Themes/ImgAdv/260107Reward6a10a1f4.jpg
聯邦銀行,旅遊優惠,可樂旅遊Club Med可樂旅遊Club Med自由行全系列商品刷聯邦卡享95折！2026/01/01-2026/12/31,https://activity.ubot.com.tw/aws_act/2026/202601colatour_clubmed/index.htm,https://activity.ubot.com.tw/App_Themes/ImgAdv/260107Reward53741373.jpg
聯邦銀行,旅遊優惠,聯邦租ｗｉｆｉ享優惠出國上網超ｅａｓｙ，刷聯邦租借ｗｉｆｉ、ｅｓｉｍ享優惠2025/12/31-2026/12/31,https://activity.ubot.com.tw/aws_act/2026/2026wifi/index.htm,https://activity.ubot.com.tw/App_Themes/ImgAdv/251231Reward35f3e792.jpg
聯邦銀行,旅遊優惠,多慶屋專屬優惠刷JCB吉鶴卡，結帳出示免費優惠券12% OFF2026/05/01-2027/04/30,https://activity.ubot.com.tw/aws_act/2026/2026TAKEYA/index.htm,https://activity.ubot.com.tw/App_Themes/ImgAdv/250707Reward5873fff6.jpg
聯邦銀行,旅遊優惠,東京三越伊勢丹百貨刷聯邦JCB卡最高享3萬日圓回饋 2026/07/01-2026/12/31,https://activity.ubot.com.tw/aws_act/2026/202607jcbmitsukoshi/index.htm,https://activity.ubot.com.tw/App_Themes/ImgAdv/260702Reward38816ef7.jpg
聯邦銀行,旅遊優惠,AsiaoYO,https://activity.ubot.com.tw/aws_act/2026/2026asiayo/index.htm,https://activity.ubot.com.tw/App_Themes/ImgAdv/260107Reward6a10a1f4.jpg
聯邦銀行,旅遊優惠,可樂旅遊Club Med,https://activity.ubot.com.tw/aws_act/2026/202601colatour_clubmed/index.htm,https://activity.ubot.com.tw/App_Themes/ImgAdv/260107Reward53741373.jpg
聯邦銀行,旅遊優惠,聯邦租ｗｉｆｉ享優惠,https://activity.ubot.com.tw/aws_act/2026/2026wifi/index.htm,https://activity.ubot.com.tw/App_Themes/ImgAdv/251231Reward35f3e792.jpg
聯邦銀行,旅遊優惠,多慶屋專屬優惠,https://activity.ubot.com.tw/aws_act/2026/2026TAKEYA/index.htm,https://activity.ubot.com.tw/App_Themes/ImgAdv/250707Reward5873fff6.jpg
聯邦銀行,旅遊優惠,東京三越伊勢丹百貨,https://activity.ubot.com.tw/aws_act/2026/202607jcbmitsukoshi/index.htm,https://activity.ubot.com.tw/App_Themes/ImgAdv/260702Reward38816ef7.jpg
聯邦銀行,交通汽修,全國加油降價加油就到全國加油站！刷聯邦卡天天最高降1.2元/L  2026/07/01-2026/12/31,https://activity.ubot.com.tw/aws_act/2026/202607oil/index.htm,https://activity.ubot.com.tw/App_Themes/ImgAdv/260629Reward66d5b10e.jpg
聯邦銀行,交通汽修,全國加油站週三爽加油每週三刷全國加油聯名卡汽油每公升最高回饋2.3元!2026/07/01-2026/12/31,https://activity.ubot.com.tw/aws_act/2026/npckeepitup/index.htm,https://activity.ubot.com.tw/App_Themes/ImgAdv/260630Reward56698d56.jpg
聯邦銀行,交通汽修,高鐵商務車廂升等優惠聯邦卡友尊榮優待｜高鐵購票刷聯邦享商務車廂升等優惠2026/01/01-2026/12/31,https://card.ubot.com.tw/eCard/activity/202601THSRC/index.htm,https://activity.ubot.com.tw/App_Themes/ImgAdv/251230Reward6c54f723.jpg
聯邦銀行,交通汽修,聯邦紅利換高鐵TGo聯邦紅利換高鐵TGo，樂享高鐵票價折抵、精選商品兌換！2026/01/01-2026/12/31,https://activity.ubot.com.tw/aws_act/2026/2026tgo/index.htm,https://activity.ubot.com.tw/App_Themes/ImgAdv/251230Rewardf567be16.jpg
聯邦銀行,交通汽修,易遊網高鐵假期易遊網高鐵假期，聯邦卡滿額現折１８０元！2026/05/01-2026/12/31,https://activity.ubot.com.tw/aws_act/2026/20260501eztravel/index.htm,https://activity.ubot.com.tw/App_Themes/ImgAdv/260511Rewarde7e2d42e.jpg
聯邦銀行,交通汽修,租車刷聯邦卡尊享優惠租車出遊刷聯邦卡，最高享6折優惠! 2026/01/01-2026/12/31,https://activity.ubot.com.tw/aws_act/2026/2026car/index.htm,https://activity.ubot.com.tw/App_Themes/ImgAdv/251226Reward61b1a68f.jpg
聯邦銀行,交通汽修,可樂旅遊高鐵假期  可樂旅遊高鐵假期刷聯邦卡，結帳輸入優惠代碼享9折優惠！2026/01/01-2026/12/31,https://activity.ubot.com.tw/aws_act/2026/2026colatour_hsr/index.htm,https://activity.ubot.com.tw/App_Themes/ImgAdv/260107Reward6cfc877e.jpg
聯邦銀行,交通汽修,全國加油降價,https://activity.ubot.com.tw/aws_act/2026/202607oil/index.htm,https://activity.ubot.com.tw/App_Themes/ImgAdv/260629Reward66d5b10e.jpg
聯邦銀行,交通汽修,全國加油站週三爽加油,https://activity.ubot.com.tw/aws_act/2026/npckeepitup/index.htm,https://activity.ubot.com.tw/App_Themes/ImgAdv/260630Reward56698d56.jpg
聯邦銀行,交通汽修,高鐵商務車廂升等優惠,https://card.ubot.com.tw/eCard/activity/202601THSRC/index.htm,https://activity.ubot.com.tw/App_Themes/ImgAdv/251230Reward6c54f723.jpg
聯邦銀行,交通汽修,聯邦紅利換高鐵TGo,https://activity.ubot.com.tw/aws_act/2026/2026tgo/index.htm,https://activity.ubot.com.tw/App_Themes/ImgAdv/251230Rewardf567be16.jpg
聯邦銀行,交通汽修,易遊網高鐵假期,https://activity.ubot.com.tw/aws_act/2026/20260501eztravel/index.htm,https://activity.ubot.com.tw/App_Themes/ImgAdv/260511Rewarde7e2d42e.jpg
聯邦銀行,交通汽修,租車刷聯邦卡尊享優惠,https://activity.ubot.com.tw/aws_act/2026/2026car/index.htm,https://activity.ubot.com.tw/App_Themes/ImgAdv/251226Reward61b1a68f.jpg
聯邦銀行,交通汽修,可樂旅遊高鐵假期,https://activity.ubot.com.tw/aws_act/2026/2026colatour_hsr/index.htm,https://activity.ubot.com.tw/App_Themes/ImgAdv/260107Reward6cfc877e.jpg
聯邦銀行,網購數位,Uber Eats刷聯邦卡不限金額筆筆享3%2026/07/01-2026/12/31,https://activity.ubot.com.tw/aws_act/2026/202607delivery/index.htm,https://activity.ubot.com.tw/App_Themes/ImgAdv/260630Reward60f229f0.jpg
聯邦銀行,網購數位,foodpanda刷聯邦卡不限金額筆筆享3%2026/07/01-2026/12/31,https://activity.ubot.com.tw/aws_act/2026/202607delivery/index.htm,https://activity.ubot.com.tw/App_Themes/ImgAdv/260630Rewardbcdf5bca.jpg
聯邦銀行,網購數位,"8.8購物節刷聯邦卡滿額享88折，再贈2,000元刷卡金！2026/08/01-2026/08/31",https://activity.ubot.com.tw/aws_act/2026/20260801shopee/index.htm,https://activity.ubot.com.tw/App_Themes/ImgAdv/260728Reward0c631412.jpg
聯邦銀行,網購數位,"網購8月購物節刷聯邦卡最高贈2,000元刷卡金！2026/08/01-2026/08/31",https://activity.ubot.com.tw/aws_act/2026/20260801ec/index.htm,https://activity.ubot.com.tw/App_Themes/ImgAdv/260728Reward7d6f75b2.jpg
聯邦銀行,網購數位,天天都是網購聯邦日刷聯邦卡最高享13%回饋！2026/07/01-2026/12/31,https://activity.ubot.com.tw/aws_act/2026/20260701ecubday/index.htm,https://activity.ubot.com.tw/App_Themes/ImgAdv/260623Reward24821714.jpg
聯邦銀行,網購數位,滿額享回饋刷聯邦卡滿額享95折，再享8%回饋！2026/08/01-2026/08/31,https://activity.ubot.com.tw/aws_act/2026/20260801coupang/index.htm,https://activity.ubot.com.tw/App_Themes/ImgAdv/260728Rewarda28ba574.jpg
聯邦銀行,網購數位,超級酷爸節刷聯邦卡最高享8%回饋！2026/08/01-2026/08/31,https://activity.ubot.com.tw/aws_act/2026/20260801pchome/index.htm,https://activity.ubot.com.tw/App_Themes/ImgAdv/260728Reward7273568d.jpg
聯邦銀行,網購數位,"88父親節刷聯邦卡最高贈2,000元刷卡金！2026/08/01-2026/08/31",https://activity.ubot.com.tw/aws_act/2026/20260801momo/index.htm,https://activity.ubot.com.tw/App_Themes/ImgAdv/260728Reward69f6b439.jpg
聯邦銀行,網購數位,全月滿額贈刷聯邦卡最高享8%回饋！2026/08/01-2026/08/31,https://activity.ubot.com.tw/aws_act/2026/20260801taobao/index.htm,https://activity.ubot.com.tw/App_Themes/ImgAdv/260728Reward54b078c0.jpg
聯邦銀行,網購數位,Uber Eats,https://activity.ubot.com.tw/aws_act/2026/202607delivery/index.htm,https://activity.ubot.com.tw/App_Themes/ImgAdv/260630Reward60f229f0.jpg
聯邦銀行,網購數位,foodpanda,https://activity.ubot.com.tw/aws_act/2026/202607delivery/index.htm,https://activity.ubot.com.tw/App_Themes/ImgAdv/260630Rewardbcdf5bca.jpg
聯邦銀行,網購數位,8.8購物節,https://activity.ubot.com.tw/aws_act/2026/20260801shopee/index.htm,https://activity.ubot.com.tw/App_Themes/ImgAdv/260728Reward0c631412.jpg
聯邦銀行,網購數位,網購8月購物節,https://activity.ubot.com.tw/aws_act/2026/20260801ec/index.htm,https://activity.ubot.com.tw/App_Themes/ImgAdv/260728Reward7d6f75b2.jpg
聯邦銀行,網購數位,天天都是網購聯邦日,https://activity.ubot.com.tw/aws_act/2026/20260701ecubday/index.htm,https://activity.ubot.com.tw/App_Themes/ImgAdv/260623Reward24821714.jpg
聯邦銀行,網購數位,滿額享回饋,https://activity.ubot.com.tw/aws_act/2026/20260801coupang/index.htm,https://activity.ubot.com.tw/App_Themes/ImgAdv/260728Rewarda28ba574.jpg
聯邦銀行,網購數位,超級酷爸節,https://activity.ubot.com.tw/aws_act/2026/20260801pchome/index.htm,https://activity.ubot.com.tw/App_Themes/ImgAdv/260728Reward7273568d.jpg
聯邦銀行,網購數位,88父親節,https://activity.ubot.com.tw/aws_act/2026/20260801momo/index.htm,https://activity.ubot.com.tw/App_Themes/ImgAdv/260728Reward69f6b439.jpg
聯邦銀行,網購數位,全月滿額贈,https://activity.ubot.com.tw/aws_act/2026/20260801taobao/index.htm,https://activity.ubot.com.tw/App_Themes/ImgAdv/260728Reward54b078c0.jpg
聯邦銀行,網購數位,Apple直營店/官網刷聯邦卡滿額登錄享最高6期0利率或最高1200回饋2026/01/01-2026/08/31,https://activity.ubot.com.tw/aws_act/2026/202601apple/index.htm,https://activity.ubot.com.tw/App_Themes/ImgAdv/260105Reward8ec3a1cb.jpg
聯邦銀行,網購數位,"ARS刷聯邦購機拿優惠APPLE購機刷聯邦享12期0利率 再送最高2,200元 2026/01/01-2026/08/31",https://activity.ubot.com.tw/aws_act/2026/202601ars/index.htm,https://activity.ubot.com.tw/App_Themes/ImgAdv/260105Rewarddb7a4359.jpg
聯邦銀行,網購數位,電信優惠機不可失刷聯邦卡分期滿額最高贈1000刷卡金2026/01/01-2026/08/31,https://activity.ubot.com.tw/aws_act/2026/202601phone/index.htm,https://activity.ubot.com.tw/App_Themes/ImgAdv/260105Rewardd0878053.jpg
聯邦銀行,網購數位,三星折疊新機上市摺疊星上市，刷聯邦卡最高24期０利率，滿額贈２５００元刷卡金2026/07/30-2026/10/31,https://activity.ubot.com.tw/aws_act/2026/202607samsung/index.htm,https://activity.ubot.com.tw/App_Themes/ImgAdv/260730Rewarda2232468.jpg
聯邦銀行,網購數位,yesgogogo即食購卡友註冊yesgogogo美食電商會員，免費送價值仟元加碼禮2026/07/01-2026/12/31,https://activity.ubot.com.tw/aws_act/2026/2026yesgogogo/index.htm,https://activity.ubot.com.tw/App_Themes/ImgAdv/260701Reward09bb9d49.jpg
聯邦銀行,網購數位,Apple直營店/官網,https://activity.ubot.com.tw/aws_act/2026/202601apple/index.htm,https://activity.ubot.com.tw/App_Themes/ImgAdv/260105Reward8ec3a1cb.jpg
聯邦銀行,網購數位,ARS刷聯邦購機拿優惠,https://activity.ubot.com.tw/aws_act/2026/202601ars/index.htm,https://activity.ubot.com.tw/App_Themes/ImgAdv/260105Rewarddb7a4359.jpg
聯邦銀行,網購數位,電信優惠機不可失,https://activity.ubot.com.tw/aws_act/2026/202601phone/index.htm,https://activity.ubot.com.tw/App_Themes/ImgAdv/260105Rewardd0878053.jpg
聯邦銀行,網購數位,三星折疊新機上市,https://activity.ubot.com.tw/aws_act/2026/202607samsung/index.htm,https://activity.ubot.com.tw/App_Themes/ImgAdv/260730Rewarda2232468.jpg
聯邦銀行,網購數位,yesgogogo即食購,https://activity.ubot.com.tw/aws_act/2026/2026yesgogogo/index.htm,https://activity.ubot.com.tw/App_Themes/ImgAdv/260701Reward09bb9d49.jpg
聯邦銀行,生活繳費,保險分期回饋自由選繳保費刷聯邦Visa卡最高享12期0利率或2%回饋2026/07/01-2026/12/31,https://activity.ubot.com.tw/aws_act/2026/2026ins/index.htm,https://activity.ubot.com.tw/App_Themes/ImgAdv/251223Reward03749bbb.jpg
聯邦銀行,生活繳費,聯邦好友健康力免費送填寫資料立即免費索取體驗包2026/01/01-2026/12/31,https://activity.ubot.com.tw/aws_act/2025/20251114010/index.htm,https://activity.ubot.com.tw/App_Themes/ImgAdv/251202Reward59deb073.jpg
聯邦銀行,生活繳費,生活代扣輕鬆繳使用聯邦卡新申辦指定生活代扣最高贈150元刷卡金  2026/07/01-2026/12/31,https://activity.ubot.com.tw/aws_act/2026/202607autopay/index.htm,https://activity.ubot.com.tw/App_Themes/ImgAdv/260625Rewardcbda901d.jpg
聯邦銀行,生活繳費,紅利換Hi點【聯邦紅利換萊爾富Hi點】折抵店內消費好好用！2026/01/01-2026/12/31,https://activity.ubot.com.tw/aws_act/2026/2026HiPoint/index.htm,https://activity.ubot.com.tw/App_Themes/ImgAdv/240821Reward3b8c0011.jpg
聯邦銀行,生活繳費,世界展望會 紅包傳愛世界展望會紅包傳愛，陪伴孩子成為更好的大人！2026/01/01-2026/12/31,https://activity.ubot.com.tw/aws_act/2026/2026redpocket/index.htm,https://activity.ubot.com.tw/App_Themes/ImgAdv/260119Reward0d5879e2.jpg
聯邦銀行,生活繳費,保險分期回饋自由選,https://activity.ubot.com.tw/aws_act/2026/2026ins/index.htm,https://activity.ubot.com.tw/App_Themes/ImgAdv/251223Reward03749bbb.jpg
聯邦銀行,生活繳費,聯邦好友健康力免費送,https://activity.ubot.com.tw/aws_act/2025/20251114010/index.htm,https://activity.ubot.com.tw/App_Themes/ImgAdv/251202Reward59deb073.jpg
聯邦銀行,生活繳費,生活代扣輕鬆繳,https://activity.ubot.com.tw/aws_act/2026/202607autopay/index.htm,https://activity.ubot.com.tw/App_Themes/ImgAdv/260625Rewardcbda901d.jpg
聯邦銀行,生活繳費,紅利換Hi點,https://activity.ubot.com.tw/aws_act/2026/2026HiPoint/index.htm,https://activity.ubot.com.tw/App_Themes/ImgAdv/240821Reward3b8c0011.jpg
聯邦銀行,生活繳費,世界展望會 紅包傳愛,https://activity.ubot.com.tw/aws_act/2026/2026redpocket/index.htm,https://activity.ubot.com.tw/App_Themes/ImgAdv/260119Reward0d5879e2.jpg
聯邦銀行,生活繳費,2026年聯邦卡做公益2026年聯邦卡做公益 紅利點數變愛心  2026/01/01-2026/12/31,https://activity.ubot.com.tw/aws_act/2026/2026donation/index.htm,https://activity.ubot.com.tw/App_Themes/ImgAdv/260120Rewardfcb1cded.jpg
聯邦銀行,生活繳費,刷卡即時簡訊刷卡簡訊速速傳，讓您消費更安心！2026/04/01-2026/12/31,https://card.ubot.com.tw/eCard/activity/20150302message/index.htm,https://activity.ubot.com.tw/App_Themes/ImgAdv/240206Reward7b3ec849.jpg
聯邦銀行,生活繳費,綜所稅一次付清享海外加碼１１４年綜所稅刷聯邦採一次付清享６至８月海外加碼１％回饋2026/04/27-2026/08/31,https://activity.ubot.com.tw/aws_act/2026/2026incometax/index.htm,https://activity.ubot.com.tw/App_Themes/ImgAdv/260427Reward422fce10.jpg
聯邦銀行,生活繳費,2026年聯邦卡做公益,https://activity.ubot.com.tw/aws_act/2026/2026donation/index.htm,https://activity.ubot.com.tw/App_Themes/ImgAdv/260120Rewardfcb1cded.jpg
聯邦銀行,生活繳費,刷卡即時簡訊,https://card.ubot.com.tw/eCard/activity/20150302message/index.htm,https://activity.ubot.com.tw/App_Themes/ImgAdv/240206Reward7b3ec849.jpg
聯邦銀行,生活繳費,綜所稅一次付清享海外加碼,https://activity.ubot.com.tw/aws_act/2026/2026incometax/index.htm,https://activity.ubot.com.tw/App_Themes/ImgAdv/260427Reward422fce10.jpg
聯邦銀行,購物娛樂,iPASS MONEYiPASS MONEY綁定聯邦卡消費享10%回饋！  2026/01/01-2026/12/31,https://activity.ubot.com.tw/aws_act/2026/2026ipassmoney/index.htm,https://activity.ubot.com.tw/App_Themes/ImgAdv/251230Reward3f8e2120.jpg
聯邦銀行,購物娛樂,OPEN錢包OPEN錢包綁定聯邦卡單筆消費滿百享10%  2026/07/01-2026/12/31,https://card.ubot.com.tw/eCard/activity/2026Q3OPWALLET/index.htm,https://activity.ubot.com.tw/App_Themes/ImgAdv/260629Reward59ac636e.jpg
聯邦銀行,購物娛樂,王品瘋Pay享６％回饋週六王品指定餐廳使用瘋Pay綁定聯邦卡消費享６％瘋點數回饋2026/07/01-2026/09/30,https://activity.ubot.com.tw/aws_act/2026/202607wowfoods/index.htm,https://activity.ubot.com.tw/App_Themes/ImgAdv/260623Reward10fa59dc.jpg
聯邦銀行,購物娛樂,全支付全支付綁定聯邦卡消費最高享２８％回饋2026/07/01-2026/12/31,https://activity.ubot.com.tw/aws_act/2026/202607pxpayplus/index.htm,https://activity.ubot.com.tw/App_Themes/ImgAdv/260629Reward40e0b2a0.jpg
聯邦銀行,購物娛樂,JCB綁定行動支付滿額贈JCB卡綁定Google Pay滿額贈50元!2026/04/01-2026/12/31,https://activity.ubot.com.tw/aws_act/2026/jcb_googlepay/index.htm,https://activity.ubot.com.tw/App_Themes/ImgAdv/260709Reward1798ffb2.jpg
聯邦銀行,購物娛樂,聯邦陪你一起變美麗ORBIS刷聯邦單筆滿額贈100元購物金！2025/11/01-2026/10/31,https://activity.ubot.com.tw/aws_act/2025/202511orbis/index.htm,https://activity.ubot.com.tw/App_Themes/ImgAdv/251031Reward179cde83.jpg
聯邦銀行,購物娛樂,國賓看電影６５折起全台國賓影城刷聯邦卡，尊享優惠票價６５折起2026/01/01-2026/12/31,https://activity.ubot.com.tw/aws_act/2026/2026ambassador/index.htm,https://activity.ubot.com.tw/App_Themes/ImgAdv/251226Reward4801e887.jpg
聯邦銀行,購物娛樂,買床刷聯邦 送好禮溫暖你聯邦助你安心好眠 買床墊刷聯邦 好禮優惠溫暖你  2026/01/19-2026/12/31,https://activity.ubot.com.tw/aws_act/2026/202601sealy/index.htm,https://activity.ubot.com.tw/App_Themes/ImgAdv/260116Reward01b38ef0.jpg
聯邦銀行,購物娛樂,頂級饗宴刷聯邦Visa御璽卡預訂指定餐廳享兩人同行8折優惠2026/01/01-2026/12/31,https://activity.ubot.com.tw/aws_act/2026/2026visa/food/index.htm,https://activity.ubot.com.tw/App_Themes/ImgAdv/260130Reward99f545d1.jpg
聯邦銀行,購物娛樂,OPEN錢包,https://card.ubot.com.tw/eCard/activity/2026Q3OPWALLET/index.htm,https://activity.ubot.com.tw/App_Themes/ImgAdv/260629Reward59ac636e.jpg
聯邦銀行,購物娛樂,王品瘋Pay享６％回饋,https://activity.ubot.com.tw/aws_act/2026/202607wowfoods/index.htm,https://activity.ubot.com.tw/App_Themes/ImgAdv/260623Reward10fa59dc.jpg
聯邦銀行,購物娛樂,全支付,https://activity.ubot.com.tw/aws_act/2026/202607pxpayplus/index.htm,https://activity.ubot.com.tw/App_Themes/ImgAdv/260629Reward40e0b2a0.jpg
聯邦銀行,購物娛樂,JCB綁定行動支付滿額贈,https://activity.ubot.com.tw/aws_act/2026/jcb_googlepay/index.htm,https://activity.ubot.com.tw/App_Themes/ImgAdv/260709Reward1798ffb2.jpg
聯邦銀行,購物娛樂,聯邦陪你一起變美麗,https://activity.ubot.com.tw/aws_act/2025/202511orbis/index.htm,https://activity.ubot.com.tw/App_Themes/ImgAdv/251031Reward179cde83.jpg
聯邦銀行,購物娛樂,國賓看電影６５折起,https://activity.ubot.com.tw/aws_act/2026/2026ambassador/index.htm,https://activity.ubot.com.tw/App_Themes/ImgAdv/251226Reward4801e887.jpg
聯邦銀行,購物娛樂,買床刷聯邦 送好禮溫暖你,https://activity.ubot.com.tw/aws_act/2026/202601sealy/index.htm,https://activity.ubot.com.tw/App_Themes/ImgAdv/260116Reward01b38ef0.jpg
聯邦銀行,購物娛樂,頂級饗宴,https://activity.ubot.com.tw/aws_act/2026/2026visa/food/index.htm,https://activity.ubot.com.tw/App_Themes/ImgAdv/260130Reward99f545d1.jpg
聯邦銀行,購物娛樂,饗食紓壓刷聯邦Visa 御璽卡預訂享400元優惠折扣2026/01/01-2026/12/31,https://activity.ubot.com.tw/aws_act/2026/2026visa/funnow/index.htm,https://activity.ubot.com.tw/App_Themes/ImgAdv/260130Rewarde8e0bfde.jpg
聯邦銀行,購物娛樂,和風饗宴刷聯邦JCB晶緻卡指定餐廳享兩人同行六折優惠  2026/01/01-2026/12/31,https://activity.ubot.com.tw/aws_act/2026/2026jcb/restaurant/index.htm,https://activity.ubot.com.tw/App_Themes/ImgAdv/260318Reward6eb68ba2.jpg
聯邦銀行,購物娛樂,食在韓系指定韓式料理刷聯邦JCB晶緻卡享50元現折優惠  2026/01/01-2026/12/31,https://activity.ubot.com.tw/aws_act/2026/2026jcb/koreanfood/index.htm,https://activity.ubot.com.tw/App_Themes/ImgAdv/260318Reward43f4bdf5.jpg
聯邦銀行,購物娛樂,食在日系指定日系美饌刷聯邦JCB晶緻卡享50元現折優惠  2026/01/01-2026/12/31,https://activity.ubot.com.tw/aws_act/2026/2026jcb/japanesefood/index.htm,https://activity.ubot.com.tw/App_Themes/ImgAdv/260318Reward31a583fe.jpg
聯邦銀行,購物娛樂,饗食紓壓,https://activity.ubot.com.tw/aws_act/2026/2026visa/funnow/index.htm,https://activity.ubot.com.tw/App_Themes/ImgAdv/260130Rewarde8e0bfde.jpg
聯邦銀行,購物娛樂,和風饗宴,https://activity.ubot.com.tw/aws_act/2026/2026jcb/restaurant/index.htm,https://activity.ubot.com.tw/App_Themes/ImgAdv/260318Reward6eb68ba2.jpg
聯邦銀行,購物娛樂,食在韓系,https://activity.ubot.com.tw/aws_act/2026/2026jcb/koreanfood/index.htm,https://activity.ubot.com.tw/App_Themes/ImgAdv/260318Reward43f4bdf5.jpg
聯邦銀行,購物娛樂,食在日系,https://activity.ubot.com.tw/aws_act/2026/2026jcb/japanesefood/index.htm,https://activity.ubot.com.tw/App_Themes/ImgAdv/260318Reward31a583fe.jpg
玉山銀行,全台優惠,前往UNIQLO刷玉山Unicard最高享7.3%回饋,https://www.esunbank.com/zh-tw/personal/credit-card/discount/shopInfo?sno=10046,https://www.esunbank.com/-/media/ESUNBANK-Mobile/Images/Discount/shops/B_OnlineShop/532_10046.jpg?h=532&w=532&hash=23EABE7DE33202EEB5B6C9D38B6D235B
玉山銀行,全台優惠,前往玉山信用卡綁定全支付繳稅費享3%全點回饋,https://www.esunbank.com/zh-tw/personal/credit-card/discount/shopInfo?sno=5100,https://www.esunbank.com/-/media/ESUNBANK-Mobile/Images/Discount/shops/F_Lifestyle/532_5100.jpg?h=532&w=532&hash=37DB91067F468F35EAB95463F982B9A9
玉山銀行,全台優惠,前往玉山Unicard｜小北百貨專屬活動首次申辦玉山Unicard，刷卡消費享8%玉山epoint回饋!,https://www.esunbank.com/zh-tw/personal/credit-card/discount/shopInfo?sno=5006,https://www.esunbank.com/-/media/ESUNBANK-Mobile/Images/Discount/shops/F_Lifestyle/532_5006.jpg?h=532&w=532&hash=33D4B36A1A0B1C3E2618A578178D7591
玉山銀行,全台優惠,"前往易遊網機票滿額現折1,300元，消費不限金額再抽「萬元旅遊金」！",https://www.esunbank.com/zh-tw/personal/credit-card/discount/shopInfo?sno=3278,https://www.esunbank.com/-/media/ESUNBANK-Mobile/Images/Discount/shops/C_Travel/532_3278.jpg?h=532&w=532&hash=18E20537EBBB127EDAE61F032A6D81A7
玉山銀行,全台優惠,前往耐斯廣場購物中心百貨shopping就愛刷玉山信用卡,https://www.esunbank.com/zh-tw/personal/credit-card/discount/shopInfo?sno=1050,https://www.esunbank.com/-/media/ESUNBANK-Mobile/Images/Discount/shops/A_DeptStore/1050.jpg?h=532&w=532&hash=7C58C2061D9D347363A4E00F093DB0FC
玉山銀行,全台優惠,前往大全聯刷卡滿額登錄贈刷卡金,https://www.esunbank.com/zh-tw/personal/credit-card/discount/shopInfo?sno=5041,https://www.esunbank.com/-/media/ESUNBANK-Mobile/Images/Discount/shops/F_Lifestyle/532_5041.jpg?h=532&w=532&hash=220EFB917FF15DE7B0BC9AF70B2A6F56
玉山銀行,全台優惠,前往同黨劇團《父親母親》刷玉山信用卡購買台北水源場次，享9折優惠,https://www.esunbank.com/zh-tw/personal/credit-card/discount/shopInfo?sno=9023,https://www.esunbank.com/-/media/ESUNBANK-Mobile/Images/Discount/shops/I_Movie/532_9023.jpg?h=532&w=532&hash=1CA2BF1511D5DAB7DAE50848664CA917
玉山銀行,全台優惠,前往玉山卡新學期新升級計畫今年開學就用玉山卡輕鬆升級！,https://www.esunbank.com/zh-tw/personal/credit-card/discount/shopInfo?sno=8079,https://www.esunbank.com/-/media/ESUNBANK-Mobile/Images/Discount/shops/J_Others/532_8079.jpg?h=532&w=532&hash=FBD124F9C1D1F449644F51A5E1DDB056
玉山銀行,全台優惠,前往搶票必備玉山萬事達卡！YoungK來了！《YoungKSoloTour<YOUNGEST>inTAIPEI》優先購票就刷玉山萬事達卡,https://www.esunbank.com/zh-tw/personal/credit-card/discount/shopInfo?sno=8067,https://www.esunbank.com/-/media/ESUNBANK-Mobile/Images/Discount/shops/J_Others/532_8067.jpg?h=532&w=532&hash=031349667AE56880045F32FD790F410E
